id,company_id,balance,total_purchased,total_used,seats,seats_used,free_conversations,plan_tier_id,current_period_start,current_period_end,last_reset_at,last_processed_at,version,free_tier_allowances,created_at,updated_at,exceeded_free_tier,paid_conversations,free_tier_usage_pct
01KF3F03FPK7SR3K4DW6XKHWW0,3305,0.0000,0.0000,0.0000,1,1,50,NULL,NULL,NULL,NULL,NULL,1,NULL,"2026-01-16 13:12:59","2026-01-16 13:14:43",0,0,0.00
01KF3ERY3QVCE2KF0HG2B8RW8Z,3304,0.0000,0.0000,0.0000,0,0,50,NULL,NULL,NULL,NULL,NULL,1,NULL,"2026-01-16 13:09:04","2026-01-16 13:09:04",0,0,0.00
01KF326DC3FSZW2NW1AVK1R22X,3303,0.0000,0.0000,0.0000,0,0,50,NULL,NULL,NULL,NULL,NULL,1,NULL,"2026-01-16 09:29:14","2026-01-16 09:29:14",0,0,0.00
01KF1SQP6GDP7H1W7CZFES1QB0,3298,0.0000,0.0000,0.0000,0,0,50,NULL,NULL,NULL,NULL,NULL,1,NULL,"2026-01-15 21:42:09","2026-01-15 21:42:09",0,0,0.00
01KF1GA16B732QHT4Z20BF07Q4,3297,0.0000,0.0000,0.0000,0,0,50,NULL,NULL,NULL,NULL,NULL,1,NULL,"2026-01-15 18:57:24","2026-01-15 18:57:24",0,0,0.00
01KF1FG2FGX7BP15SA9KFB3BKV,3296,0.0000,0.0000,0.0000,0,0,50,NULL,NULL,NULL,NULL,NULL,1,NULL,"2026-01-15 18:43:14","2026-01-15 18:43:14",0,0,0.00
01KF1ANB1MHXGG45T0ZT2KHRNV,3295,0.0000,0.0000,0.0000,0,0,50,NULL,NULL,NULL,NULL,NULL,1,NULL,"2026-01-15 17:18:43","2026-01-15 17:18:43",0,0,0.00
01KF16S6V2QV3Q5GJ1ABDN9ECV,3294,0.0000,0.0000,0.0000,0,0,50,NULL,NULL,NULL,NULL,NULL,1,NULL,"2026-01-15 16:10:56","2026-01-15 16:10:56",0,0,0.00
01KF16GDT3PTS071K238BP6JC2,3293,0.0000,0.0000,0.0000,0,0,50,NULL,NULL,NULL,NULL,NULL,1,NULL,"2026-01-15 16:06:08","2026-01-15 16:06:08",0,0,0.00
01KF13BDWSMB7Z6FNGEZKTCAH0,3292,0.0000,0.0000,0.0000,0,0,50,NULL,NULL,NULL,NULL,NULL,1,NULL,"2026-01-15 15:10:58","2026-01-15 15:10:58",0,0,0.00
01KEZXMWCEGT4ESX5DRXHQ24CV,3291,0.0000,0.0000,0.0000,0,0,48,NULL,NULL,NULL,NULL,NULL,1,NULL,"2026-01-15 04:12:02","2026-01-16 06:31:14",0,0,0.00
01KEZSDEBB5MFHB1E2V6PW809H,3290,0.0000,0.0000,0.0000,0,0,50,NULL,NULL,NULL,NULL,NULL,1,NULL,"2026-01-15 02:58:04","2026-01-15 02:58:04",0,0,0.00
01KEZ3C7ARAZFZ6FJ72NRFP2TP,3287,0.0000,0.0000,0.0000,1,1,50,NULL,NULL,NULL,NULL,NULL,1,NULL,"2026-01-14 20:32:56","2026-01-14 20:33:49",0,0,0.00
01KEZ1HP0ZAFVBR9R9T4FPQ0FH,3286,0.0000,0.0000,0.0000,0,0,50,NULL,NULL,NULL,NULL,NULL,1,NULL,"2026-01-14 20:00:57","2026-01-14 20:00:57",0,0,0.00
01KEYZ6W1BT66G76WXKCQ81ARR,3284,0.0000,0.0000,0.0000,0,0,50,NULL,NULL,NULL,NULL,NULL,1,NULL,"2026-01-14 19:20:06","2026-01-14 19:20:06",0,0,0.00
01KEYCAPYDA3WPRNQCZKT8WW1N,3281,0.0000,0.0000,0.0000,0,0,50,NULL,NULL,NULL,NULL,NULL,1,NULL,"2026-01-14 13:50:09","2026-01-14 13:50:09",0,0,0.00
01KEYATAFRSBFBS42WSR6ASV8Z,3280,0.0000,0.0000,0.0000,0,0,50,NULL,NULL,NULL,NULL,NULL,1,NULL,"2026-01-14 13:23:43","2026-01-14 13:23:43",0,0,0.00
01KEX3J0J2ZQQM3AJGB5GJS8QP,3279,0.0000,0.0000,0.0000,0,0,50,NULL,NULL,NULL,NULL,NULL,1,NULL,"2026-01-14 01:57:36","2026-01-14 01:57:36",0,0,0.00
01KEWVXWTMTNHYE1RGVNFG207J,3278,0.0000,0.0000,0.0000,1,1,50,NULL,NULL,NULL,NULL,NULL,1,NULL,"2026-01-13 23:44:17","2026-01-13 23:45:05",0,0,0.00
01KEWVDF0M803CY2KM15ZJKCFC,3277,0.0000,0.0000,0.0000,0,0,50,NULL,NULL,NULL,NULL,NULL,1,NULL,"2026-01-13 23:35:19","2026-01-13 23:35:19",0,0,0.00
01KEW57HM9508GZ2VF3FNGHCEG,3276,0.0000,0.0000,0.0000,0,0,50,NULL,NULL,NULL,NULL,NULL,1,NULL,"2026-01-13 17:07:36","2026-01-13 17:07:36",0,0,0.00
01KEW4KVMQ4G6PZ0XRZKTWSNQR,3275,0.0000,0.0000,0.0000,1,1,50,NULL,NULL,NULL,NULL,NULL,1,NULL,"2026-01-13 16:56:51","2026-01-13 17:28:19",0,0,0.00
01KEVW2CZN58BQV1GE6GBDTP8Z,3274,0.0000,0.0000,0.0000,0,0,50,NULL,NULL,NULL,NULL,NULL,1,NULL,"2026-01-13 14:27:30","2026-01-13 14:27:30",0,0,0.00
01KEVPVTB58N0W0KKWKXDBYWHW,3273,0.0000,0.0000,0.0000,0,0,50,NULL,NULL,NULL,NULL,NULL,1,NULL,"2026-01-13 12:56:32","2026-01-13 12:56:32",0,0,0.00
01KETJ1HB2WWJWPAXGQJDEP5SN,3272,0.0000,0.0000,0.0000,1,1,50,NULL,NULL,NULL,NULL,NULL,1,NULL,"2026-01-13 02:13:02","2026-01-13 02:13:53",0,0,0.00
01KET9ES9MY5MFYBVR7CBWFBGF,3271,0.0000,0.0000,0.0000,0,0,50,NULL,NULL,NULL,NULL,NULL,1,NULL,"2026-01-12 23:42:59","2026-01-12 23:42:59",0,0,0.00
01KET7T861JHB798VF4H6J3APD,3270,0.0000,0.0000,0.0000,0,0,50,NULL,NULL,NULL,NULL,NULL,1,NULL,"2026-01-12 23:14:17","2026-01-12 23:14:17",0,0,0.00
01KESVHARMWWXB6KVY9GE657AF,3268,0.0000,0.0000,0.0000,0,0,50,NULL,NULL,NULL,NULL,NULL,1,NULL,"2026-01-12 19:39:42","2026-01-12 19:39:42",0,0,0.00
01KEPZTR7D2NVX5E10J4N9FAZ0,3267,0.0000,0.0000,0.0000,0,0,50,NULL,NULL,NULL,NULL,NULL,1,NULL,"2026-01-11 16:57:02","2026-01-11 16:57:02",0,0,0.00
01KEN34FHXHCGG2XQMSMGPCAB8,3266,0.0000,0.0000,0.0000,0,0,50,NULL,NULL,NULL,NULL,NULL,1,NULL,"2026-01-10 23:16:18","2026-01-10 23:16:18",0,0,0.00
01KEK3K4T16DB78XM8BZ33M68Y,3265,0.0000,0.0000,0.0000,0,0,50,NULL,NULL,NULL,NULL,NULL,1,NULL,"2026-01-10 04:45:49","2026-01-10 04:45:49",0,0,0.00
01KEJR9881BFKNG9G28NT490SB,3264,0.0000,0.0000,0.0000,0,0,50,NULL,NULL,NULL,NULL,NULL,1,NULL,"2026-01-10 01:28:11","2026-01-10 01:28:11",0,0,0.00
01KEJNETW7ATJA61RFZ3F97HE2,3263,0.0000,0.0000,0.0000,0,0,50,NULL,NULL,NULL,NULL,NULL,1,NULL,"2026-01-10 00:38:48","2026-01-10 00:38:48",0,0,0.00
01KEHXC1ZETJ4BSKN1JEHATZH8,3261,0.0000,0.0000,0.0000,1,1,46,NULL,NULL,NULL,NULL,NULL,1,NULL,"2026-01-09 17:37:51","2026-01-16 06:31:11",0,0,0.00
01KEHV8G9VY6W9BTGA8N7XH4EK,3260,0.0000,0.0000,0.0000,0,0,50,NULL,NULL,NULL,NULL,NULL,1,NULL,"2026-01-09 17:00:58","2026-01-09 17:00:58",0,0,0.00
01KEHTJSBD641BFMCCMZQ2F6D8,3259,0.0000,0.0000,0.0000,1,1,50,NULL,NULL,NULL,NULL,NULL,1,NULL,"2026-01-09 16:49:06","2026-01-09 16:49:14",0,0,0.00
01KEHRVA3C76K6AED4815TBFV6,3256,0.0000,0.0000,0.0000,0,0,50,NULL,NULL,NULL,NULL,NULL,1,NULL,"2026-01-09 16:18:48","2026-01-09 16:18:48",0,0,0.00
01KEHNVJTHDTXKX2EFPETZXQQ7,3253,0.0000,0.0000,0.0000,0,0,50,NULL,NULL,NULL,NULL,NULL,1,NULL,"2026-01-09 15:26:31","2026-01-09 15:26:31",0,0,0.00
01KEHMWSS5FHKGDXPK6X14YDTS,3252,0.0000,0.0000,0.0000,0,0,50,NULL,NULL,NULL,NULL,NULL,1,NULL,"2026-01-09 15:09:43","2026-01-09 15:09:43",0,0,0.00
01KEFXRZKYSKMMH8783E68XFSX,3250,0.0000,0.0000,0.0000,1,1,50,NULL,NULL,NULL,NULL,NULL,1,NULL,"2026-01-08 23:06:26","2026-01-08 23:35:36",0,0,0.00
01KEFS6ADM4WMA0J7HSVS0WGET,3249,0.0000,0.0000,0.0000,1,1,50,NULL,NULL,NULL,NULL,NULL,1,NULL,"2026-01-08 21:46:20","2026-01-08 21:48:59",0,0,0.00
01KEFR3NJABT37S9YXGKHE5AJQ,3248,0.0000,0.0000,0.0000,1,1,50,NULL,NULL,NULL,NULL,NULL,1,NULL,"2026-01-08 21:27:25","2026-01-08 21:28:14",0,0,0.00
01KEFPSJ7ZETY6C2ZQ83QCFAQ2,3245,0.0000,0.0000,0.0000,1,1,50,NULL,NULL,NULL,NULL,NULL,1,NULL,"2026-01-08 21:04:25","2026-01-08 21:06:08",0,0,0.00
01KEFNDQRZVJWGKWPFR3G4REYP,3244,0.0000,0.0000,0.0000,1,1,50,NULL,NULL,NULL,NULL,NULL,1,NULL,"2026-01-08 20:40:29","2026-01-08 20:42:18",0,0,0.00
01KEFMTQAGTBXFTQFXE92K1G2R,3243,0.0000,0.0000,0.0000,1,1,50,NULL,NULL,NULL,NULL,NULL,1,NULL,"2026-01-08 20:30:06","2026-01-08 20:31:27",0,0,0.00
01KEFKT4RZXPZE09H8WSZH4E6B,3241,0.0000,0.0000,0.0000,1,1,50,NULL,NULL,NULL,NULL,NULL,1,NULL,"2026-01-08 20:12:18","2026-01-08 20:13:09",0,0,0.00
01KEFKNGNFF7YEMG86Q1916RZ3,3240,0.0000,0.0000,0.0000,1,1,50,NULL,NULL,NULL,NULL,NULL,1,NULL,"2026-01-08 20:09:46","2026-01-08 20:09:56",0,0,0.00
01KEFCGV2JPCX1YH0M91KTEZD6,3239,0.0000,0.0000,0.0000,1,1,50,NULL,NULL,NULL,NULL,NULL,1,NULL,"2026-01-08 18:04:53","2026-01-08 18:05:51",0,0,0.00
01KEFBP6KACZ6BBMBAZXT4H07G,3238,0.0000,0.0000,0.0000,0,0,50,NULL,NULL,NULL,NULL,NULL,1,NULL,"2026-01-08 17:50:20","2026-01-08 17:50:20",0,0,0.00
01KEFAE6DCD2WB1RQC6C7MABZC,3237,0.0000,0.0000,0.0000,0,0,50,NULL,NULL,NULL,NULL,NULL,1,NULL,"2026-01-08 17:28:29","2026-01-08 17:28:29",0,0,0.00
01KEF4T5HM4C7X7RHJS8AJ0TYX,3236,0.0000,0.0000,0.0000,0,0,50,NULL,NULL,NULL,NULL,NULL,1,NULL,"2026-01-08 15:50:10","2026-01-08 15:50:10",0,0,0.00
01KEEZD1K1ET7HJX5P5HYQWP1G,3235,0.0000,0.0000,0.0000,0,0,50,NULL,NULL,NULL,NULL,NULL,1,NULL,"2026-01-08 14:15:37","2026-01-08 14:15:37",0,0,0.00
01KEF6YZ0DGCW2YMFF3CHCRD5J,3218,0.0000,0.0000,0.0000,0,0,50,NULL,NULL,NULL,NULL,NULL,1,NULL,"2026-01-08 14:15:37","2026-01-08 14:15:37",0,0,0.00
01KEF6ZQP6SSCTMWPW051MRDJS,3220,0.0000,0.0000,0.0000,0,0,50,NULL,NULL,NULL,NULL,NULL,1,NULL,"2026-01-08 14:15:37","2026-01-08 14:15:37",0,0,0.00
01KEF70QY5K9Y8GEZP09PR2NCJ,3222,0.0000,0.0000,0.0000,1,1,50,NULL,NULL,NULL,NULL,NULL,1,NULL,"2026-01-08 14:15:37","2026-01-08 18:44:40",0,0,0.00
01KEF71MT7D94N20PTDDXTBTMM,3225,0.0000,0.0000,0.0000,0,0,50,NULL,NULL,NULL,NULL,NULL,1,NULL,"2026-01-08 14:15:37","2026-01-08 14:15:37",0,0,0.00
01KEF72CF3S24NNV9HE4QG901K,3226,0.0000,0.0000,0.0000,0,0,50,NULL,NULL,NULL,NULL,NULL,1,NULL,"2026-01-08 14:15:37","2026-01-08 14:15:37",0,0,0.00
01KEF72WYT3885S2FAC0TBYMFJ,3227,0.0000,0.0000,0.0000,0,0,50,NULL,NULL,NULL,NULL,NULL,1,NULL,"2026-01-08 14:15:37","2026-01-08 14:15:37",0,0,0.00
01KEF73F9K8TTZ45KD0YV3KFEY,3231,0.0000,0.0000,0.0000,0,0,50,NULL,NULL,NULL,NULL,NULL,1,NULL,"2026-01-08 14:15:37","2026-01-08 14:15:37",0,0,0.00
01KEF748PHGQMDQAZKGW98PHNB,3233,0.0000,0.0000,0.0000,0,0,50,NULL,NULL,NULL,NULL,NULL,1,NULL,"2026-01-08 14:15:37","2026-01-08 14:15:37",0,0,0.00
01KEEK06ZD1PW3KVY55W9K4K8C,3234,0.0000,0.0000,0.0000,1,1,50,NULL,NULL,NULL,NULL,NULL,1,NULL,"2026-01-08 10:38:54","2026-01-08 10:40:32",0,0,0.00
01KEE9DMZHDHC99JZVX91RJFNC,3232,0.0000,0.0000,0.0000,1,1,50,NULL,NULL,NULL,NULL,NULL,1,NULL,"2026-01-08 07:51:29","2026-01-08 07:52:26",0,0,0.00
01KEDJK82SVXHVNBBPAX471RQ4,3230,0.0000,0.0000,0.0000,0,0,50,NULL,NULL,NULL,NULL,NULL,1,NULL,"2026-01-08 01:12:35","2026-01-08 01:12:35",0,0,0.00
01KEDCDGD4P2QTW2KDD3BD80CX,3229,0.0000,0.0000,0.0000,0,0,50,NULL,NULL,NULL,NULL,NULL,1,NULL,"2026-01-07 23:24:35","2026-01-07 23:24:35",0,0,0.00
01KED79R4M4RK3EYE3MQ9D1NK4,3228,0.0000,0.0000,0.0000,1,1,50,NULL,NULL,NULL,NULL,NULL,1,NULL,"2026-01-07 21:55:09","2026-01-07 21:55:27",0,0,0.00
01KECSE68P1J2PW64WGRYNAGY9,3224,0.0000,0.0000,0.0000,0,0,50,NULL,NULL,NULL,NULL,NULL,1,NULL,"2026-01-07 17:52:55","2026-01-07 17:52:55",0,0,0.00
01KECZ0CMWC01Z66RKZZSQYM09,3215,0.0000,0.0000,0.0000,1,1,50,NULL,NULL,NULL,NULL,NULL,1,NULL,"2026-01-07 17:52:55","2026-01-08 14:40:06",0,0,0.00
01KECMXZ1ZB6DWK124B8N351QX,3223,0.0000,0.0000,0.0000,1,1,50,NULL,NULL,NULL,NULL,NULL,1,NULL,"2026-01-07 16:34:09","2026-01-07 16:39:05",0,0,0.00
01KECK3FHSCRR4DSXXGZESDH4W,3221,0.0000,0.0000,0.0000,1,1,50,NULL,NULL,NULL,NULL,NULL,1,NULL,"2026-01-07 16:02:12","2026-01-07 16:02:43",0,0,0.00
01KECH16WT4VS3TMHE1QKWZEFB,3219,0.0000,0.0000,0.0000,1,1,50,NULL,NULL,NULL,NULL,NULL,1,NULL,"2026-01-07 15:26:01","2026-01-07 15:26:09",0,0,0.00
01KECGTAHV9GSM27X8YF5C782Z,3217,0.0000,0.0000,0.0000,0,0,50,NULL,NULL,NULL,NULL,NULL,1,NULL,"2026-01-07 15:22:15","2026-01-07 15:22:15",0,0,0.00
01KECGNCGPSF8BFXR7ZTPAD80B,3216,0.0000,0.0000,0.0000,0,0,50,NULL,NULL,NULL,NULL,NULL,1,NULL,"2026-01-07 15:19:33","2026-01-07 15:19:33",0,0,0.00
01KECCYX2XRAFCNTGNV0V26EY1,3214,0.0000,0.0000,0.0000,0,0,50,NULL,NULL,NULL,NULL,NULL,1,NULL,"2026-01-07 14:14:51","2026-01-07 14:14:51",0,0,0.00
01KECCKNKVMFDVB7RFK9S0D3AP,3213,0.0000,0.0000,0.0000,1,1,50,NULL,NULL,NULL,NULL,NULL,1,NULL,"2026-01-07 14:08:43","2026-01-07 14:08:54",0,0,0.00
01KEC9894G8KSAS7W94F2G1J3D,3212,0.0000,0.0000,0.0000,0,0,50,NULL,NULL,NULL,NULL,NULL,1,NULL,"2026-01-07 13:10:04","2026-01-07 13:10:04",0,0,0.00
01KEAPZ126PXK5CXD3BRVDJNTA,3211,0.0000,0.0000,0.0000,0,0,50,NULL,NULL,NULL,NULL,NULL,1,NULL,"2026-01-06 22:31:12","2026-01-06 22:31:12",0,0,0.00
01KEAJZ5RXSM63K4R72MNXE57J,3210,0.0000,0.0000,0.0000,0,0,50,NULL,NULL,NULL,NULL,NULL,1,NULL,"2026-01-06 21:21:22","2026-01-06 21:21:22",0,0,0.00
01KEAH5VYJFYDGAB58V7AGCDWZ,3209,0.0000,0.0000,0.0000,0,0,50,NULL,NULL,NULL,NULL,NULL,1,NULL,"2026-01-06 20:50:04","2026-01-06 20:50:04",0,0,0.00
01KEAFN4AJXHBMZQ4G588Z5YTY,3208,0.0000,0.0000,0.0000,0,0,50,NULL,NULL,NULL,NULL,NULL,1,NULL,"2026-01-06 20:23:27","2026-01-06 20:23:27",0,0,0.00
01KEA5MHCGPZ04VNSJMXM3JJYK,3207,0.0000,0.0000,0.0000,0,0,50,NULL,NULL,NULL,NULL,NULL,1,NULL,"2026-01-06 17:28:22","2026-01-06 17:28:22",0,0,0.00
01KEA5F4AN0B3N79ZDWJZ7STE3,3206,0.0000,0.0000,0.0000,0,0,50,NULL,NULL,NULL,NULL,NULL,1,NULL,"2026-01-06 17:25:25","2026-01-06 17:25:25",0,0,0.00
01KE9QZT9FCGXHH3RKP6H6Q6PD,3204,0.0000,0.0000,0.0000,0,0,50,NULL,NULL,NULL,NULL,NULL,1,NULL,"2026-01-06 13:29:52","2026-01-06 13:29:52",0,0,0.00
01KE87CQ2BSQWZJ6EF6Y8M4B26,3203,0.0000,0.0000,0.0000,0,0,50,NULL,NULL,NULL,NULL,NULL,1,NULL,"2026-01-05 23:20:34","2026-01-05 23:20:34",0,0,0.00
01KE82HD70JAAHM8883VKDZ1GH,3202,0.0000,0.0000,0.0000,1,1,50,NULL,NULL,NULL,NULL,NULL,1,NULL,"2026-01-05 21:55:45","2026-01-05 21:56:35",0,0,0.00
01KE815CBVDCTTES2G2WQPJN8Z,3201,0.0000,0.0000,0.0000,0,0,50,NULL,NULL,NULL,NULL,NULL,1,NULL,"2026-01-05 21:31:42","2026-01-05 21:31:42",0,0,0.00
01KE7ZHXYW0S4GRMD2CCJ8YPJ0,3200,0.0000,0.0000,0.0000,0,0,50,NULL,NULL,NULL,NULL,NULL,1,NULL,"2026-01-05 21:03:36","2026-01-05 21:03:36",0,0,0.00
01KE7YHYB8CWWF1YQDSD5KQ6PQ,3199,0.0000,0.0000,0.0000,0,0,50,NULL,NULL,NULL,NULL,NULL,1,NULL,"2026-01-05 20:46:08","2026-01-05 20:46:08",0,0,0.00
01KE7RCKYTTZJ2Y51BJRZCEWDW,3198,0.0000,0.0000,0.0000,0,0,50,NULL,NULL,NULL,NULL,NULL,1,NULL,"2026-01-05 18:58:22","2026-01-05 18:58:22",0,0,0.00
01KE7QXJPMSX2A6DFAC75AD0H4,3197,0.0000,0.0000,0.0000,0,0,50,NULL,NULL,NULL,NULL,NULL,1,NULL,"2026-01-05 18:50:10","2026-01-05 18:50:10",0,0,0.00
01KE7QK21H7PDMH9CC5FW76Z5X,3196,0.0000,0.0000,0.0000,0,0,50,NULL,NULL,NULL,NULL,NULL,1,NULL,"2026-01-05 18:44:25","2026-01-05 18:44:25",0,0,0.00
01KE7M5JZCR0N35Y2BG7TRT4Q7,3195,0.0000,0.0000,0.0000,0,0,50,NULL,NULL,NULL,NULL,NULL,1,NULL,"2026-01-05 17:44:38","2026-01-05 17:44:38",0,0,0.00
01KE7M0RGH0S1M8HZSX7N3PY4F,3194,0.0000,0.0000,0.0000,0,0,50,NULL,NULL,NULL,NULL,NULL,1,NULL,"2026-01-05 17:41:59","2026-01-05 17:41:59",0,0,0.00
01KE7KZC3KG2RM39CC29R257WN,3193,0.0000,0.0000,0.0000,0,0,50,NULL,NULL,NULL,NULL,NULL,1,NULL,"2026-01-05 17:41:14","2026-01-05 17:41:14",0,0,0.00
01KE7K265BAYEBEG9VRGNGQ4X4,3192,0.0000,0.0000,0.0000,1,1,50,NULL,NULL,NULL,NULL,NULL,1,NULL,"2026-01-05 17:25:18","2026-01-05 17:25:27",0,0,0.00
01KE7EZ8WMK6QSS9KYRB9AK3FC,3191,0.0000,0.0000,0.0000,0,0,50,NULL,NULL,NULL,NULL,NULL,1,NULL,"2026-01-05 16:13:48","2026-01-05 16:13:48",0,0,0.00
01KE7ECCH1CGNDGEDASE61RT4N,3190,0.0000,0.0000,0.0000,0,0,50,NULL,NULL,NULL,NULL,NULL,1,NULL,"2026-01-05 16:03:29","2026-01-05 16:03:29",0,0,0.00
01KE78CWX9VDSMWTKHHBP7GPN6,3189,0.0000,0.0000,0.0000,1,1,50,NULL,NULL,NULL,NULL,NULL,1,NULL,"2026-01-05 14:18:54","2026-01-05 14:19:28",0,0,0.00
01KE5FSXWPKMRVBTEQVXNNHB17,3187,0.0000,0.0000,0.0000,0,0,50,NULL,NULL,NULL,NULL,NULL,1,NULL,"2026-01-04 21:49:52","2026-01-04 21:49:52",0,0,0.00
01KE468EE9BC4NP3VJESSKFST8,3186,0.0000,0.0000,0.0000,0,0,50,NULL,NULL,NULL,NULL,NULL,1,NULL,"2026-01-04 09:43:48","2026-01-04 09:43:48",0,0,0.00
01KE464CM0XMA5W7Y3T819DNCV,3185,0.0000,0.0000,0.0000,0,0,50,NULL,NULL,NULL,NULL,NULL,1,NULL,"2026-01-04 09:41:35","2026-01-04 09:41:35",0,0,0.00
01KE3MB8QQEKGX9ZSC95XPPH78,3184,0.0000,0.0000,0.0000,1,1,50,NULL,NULL,NULL,NULL,NULL,1,NULL,"2026-01-04 04:30:46","2026-01-04 04:31:02",0,0,0.00
01KE36GJETTTEG59PQVN96CYSR,3183,0.0000,0.0000,0.0000,0,0,50,NULL,NULL,NULL,NULL,NULL,1,NULL,"2026-01-04 00:29:00","2026-01-04 00:29:00",0,0,0.00
01KE2EE9HA0A7A4XVH9NA9BKPA,3182,0.0000,0.0000,0.0000,1,1,50,NULL,NULL,NULL,NULL,NULL,1,NULL,"2026-01-03 17:28:19","2026-01-03 17:28:40",0,0,0.00
01KE2BJ9KSQ0ERZBX7E2NJMFSR,3181,0.0000,0.0000,0.0000,0,0,50,NULL,NULL,NULL,NULL,NULL,1,NULL,"2026-01-03 16:38:05","2026-01-03 16:38:05",0,0,0.00
01KDZ5EMSAQ6CYN986Q8W3QNBV,3180,0.0000,0.0000,0.0000,1,1,50,NULL,NULL,NULL,NULL,NULL,1,NULL,"2026-01-02 10:53:30","2026-01-02 10:54:23",0,0,0.00
01KDTP9XCY60XQ5W7V1Y31T4AY,3179,0.0000,0.0000,0.0000,0,0,50,NULL,NULL,NULL,NULL,NULL,1,NULL,"2025-12-31 17:11:49","2025-12-31 17:11:49",0,0,0.00
01KDTNW4VMMVBYWJHT5MRPG78X,3178,0.0000,0.0000,0.0000,1,1,50,NULL,NULL,NULL,NULL,NULL,1,NULL,"2025-12-31 17:04:18","2025-12-31 17:04:28",0,0,0.00
01KDTNFTMHK456PTMDM16YRTAE,3177,0.0000,0.0000,0.0000,1,1,50,NULL,NULL,NULL,NULL,NULL,1,NULL,"2025-12-31 16:57:34","2026-01-06 21:29:44",0,0,0.00
01KDTMPB48G5NRYPXQ18R2AMMV,3176,0.0000,0.0000,0.0000,0,0,50,NULL,NULL,NULL,NULL,NULL,1,NULL,"2025-12-31 16:43:39","2025-12-31 16:43:39",0,0,0.00
01KDTENRKJ7MC29NSXFASXR8DG,3175,0.0000,0.0000,0.0000,0,0,50,NULL,NULL,NULL,NULL,NULL,1,NULL,"2025-12-31 14:58:29","2025-12-31 14:58:29",0,0,0.00
01KDT75E4XNAHRTBE0EGHWVC6B,3174,0.0000,0.0000,0.0000,0,0,50,NULL,NULL,NULL,NULL,NULL,1,NULL,"2025-12-31 12:47:14","2025-12-31 12:47:14",0,0,0.00
01KDS0MWB455VNEM0EN99MF21M,3173,0.0000,0.0000,0.0000,1,1,50,NULL,NULL,NULL,NULL,NULL,1,NULL,"2025-12-31 01:34:05","2025-12-31 01:35:21",0,0,0.00
01KDRSSD8KBQQ1XTTMXVP30N39,3172,0.0000,0.0000,0.0000,0,0,50,NULL,NULL,NULL,NULL,NULL,1,NULL,"2025-12-30 23:34:14","2025-12-30 23:34:14",0,0,0.00
01KDRQB89J2800KYER4N00CDCK,3171,0.0000,0.0000,0.0000,0,0,50,NULL,NULL,NULL,NULL,NULL,1,NULL,"2025-12-30 22:51:33","2025-12-30 22:51:33",0,0,0.00
01KDRK0ZJT552N6VGWJENV6X5W,3170,0.0000,0.0000,0.0000,0,0,50,NULL,NULL,NULL,NULL,NULL,1,NULL,"2025-12-30 21:36:02","2025-12-30 21:36:02",0,0,0.00
01KDR85ZHMHG88KJ7JBE5WMMPY,3169,0.0000,0.0000,0.0000,1,1,50,NULL,NULL,NULL,NULL,NULL,1,NULL,"2025-12-30 18:26:31","2025-12-30 18:26:40",0,0,0.00
01KDR1E0HWP0PNTPDNKX9VVPWA,3168,0.0000,0.0000,0.0000,1,1,50,NULL,NULL,NULL,NULL,NULL,1,NULL,"2025-12-30 16:28:34","2025-12-30 16:29:12",0,0,0.00
01KDQYS5FMXQDM4WAHG484M6PC,3167,0.0000,0.0000,0.0000,0,0,50,NULL,NULL,NULL,NULL,NULL,1,NULL,"2025-12-30 15:42:14","2025-12-30 15:42:14",0,0,0.00
01KDQVVYTAQMPZASK9GDW9151T,3166,0.0000,0.0000,0.0000,0,0,50,NULL,NULL,NULL,NULL,NULL,1,NULL,"2025-12-30 14:51:20","2025-12-30 14:51:20",0,0,0.00
01KDQR5QTPGRXZ4K9NVEKBXMBC,3165,0.0000,0.0000,0.0000,0,0,50,NULL,NULL,NULL,NULL,NULL,1,NULL,"2025-12-30 13:46:46","2025-12-30 13:46:46",0,0,0.00
01KDQQXCXW004BEWKXFKJPT5ME,3164,0.0000,0.0000,0.0000,1,1,50,NULL,NULL,NULL,NULL,NULL,1,NULL,"2025-12-30 13:42:13","2025-12-30 13:43:15",0,0,0.00
01KDQQGCBFPTMXPYCB4SPPXVJD,3163,0.0000,0.0000,0.0000,0,0,50,NULL,NULL,NULL,NULL,NULL,1,NULL,"2025-12-30 13:35:06","2025-12-30 13:35:06",0,0,0.00
01KDNYYBSRFZ663TN6F5WJXHJ6,3162,0.0000,0.0000,0.0000,0,0,50,NULL,NULL,NULL,NULL,NULL,1,NULL,"2025-12-29 21:06:35","2025-12-29 21:06:35",0,0,0.00
01KDNQNGWQAC0DDBKD6W78ANXH,3160,0.0000,0.0000,0.0000,1,1,50,NULL,NULL,NULL,NULL,NULL,1,NULL,"2025-12-29 18:59:26","2025-12-29 19:00:49",0,0,0.00
01KDNPTW6E9H0NVGWN619QC69E,3159,0.0000,0.0000,0.0000,0,0,50,NULL,NULL,NULL,NULL,NULL,1,NULL,"2025-12-29 18:44:53","2025-12-29 18:44:53",0,0,0.00
01KDNHPQVQPDS05732H3VFPX3P,3158,0.0000,0.0000,0.0000,0,0,50,NULL,NULL,NULL,NULL,NULL,1,NULL,"2025-12-29 17:15:14","2025-12-29 17:15:14",0,0,0.00
01KDN94E2JC8BC2KF3Y0W0F42J,3157,0.0000,0.0000,0.0000,1,1,50,NULL,NULL,NULL,NULL,NULL,1,NULL,"2025-12-29 14:45:26","2026-01-10 01:56:57",0,0,0.00
01KDN8XJ0QFF8F60BNJKCSGEKY,3156,0.0000,0.0000,0.0000,0,0,50,NULL,NULL,NULL,NULL,NULL,1,NULL,"2025-12-29 14:41:40","2025-12-29 14:41:40",0,0,0.00
01KDN5RSY9VE5GK2FV9EYFR18X,3155,0.0000,0.0000,0.0000,0,0,50,NULL,NULL,NULL,NULL,NULL,1,NULL,"2025-12-29 13:46:39","2025-12-29 13:46:39",0,0,0.00
01KDKZR1CWCMXEXJSHYCJFZMMM,3154,0.0000,0.0000,0.0000,0,0,50,NULL,NULL,NULL,NULL,NULL,1,NULL,"2025-12-29 02:42:08","2025-12-29 02:42:08",0,0,0.00
01KDJBSJ0DK4TR1GJZTSGFX47N,3152,0.0000,0.0000,0.0000,0,0,50,NULL,NULL,NULL,NULL,NULL,1,NULL,"2025-12-28 11:34:12","2025-12-28 11:34:12",0,0,0.00
01KDESPA42CXCPWX49GK2BBV89,3151,0.0000,0.0000,0.0000,0,0,50,NULL,NULL,NULL,NULL,NULL,1,NULL,"2025-12-27 02:20:08","2025-12-27 02:20:08",0,0,0.00
01KDEA7ZMESNA8QA6TG3GBHNRK,3149,0.0000,0.0000,0.0000,1,1,50,NULL,NULL,NULL,NULL,NULL,1,NULL,"2025-12-26 21:50:10","2025-12-26 21:50:21",0,0,0.00
01KDE5VV55ENSD2C8MGYCYHG6C,3148,0.0000,0.0000,0.0000,0,0,50,NULL,NULL,NULL,NULL,NULL,1,NULL,"2025-12-26 20:33:37","2025-12-26 20:33:37",0,0,0.00
01KDDMG5GWEYHFYAMEJ566JZQ0,3147,0.0000,0.0000,0.0000,0,0,50,NULL,NULL,NULL,NULL,NULL,1,NULL,"2025-12-26 15:30:09","2025-12-26 15:30:09",0,0,0.00
01KDCBSS15JTNJGMXS7MQ00N57,3146,0.0000,0.0000,0.0000,0,0,50,NULL,NULL,NULL,NULL,NULL,1,NULL,"2025-12-26 03:38:52","2026-01-16 04:40:35",0,0,0.00
01KD98SXCBC5GQV2G1724J9SW6,3145,0.0000,0.0000,0.0000,0,0,50,NULL,NULL,NULL,NULL,NULL,1,NULL,"2025-12-24 22:48:48","2025-12-24 22:48:48",0,0,0.00
01KD8TEE3TPPB7WJT2AKPC92RF,3144,0.0000,0.0000,0.0000,0,0,50,NULL,NULL,NULL,NULL,NULL,1,NULL,"2025-12-24 18:37:52","2026-01-14 19:40:10",0,0,0.00
01KD8JP3G4K4QTXM9D3QW557AW,3143,0.0000,0.0000,0.0000,0,0,50,NULL,NULL,NULL,NULL,NULL,1,NULL,"2025-12-24 16:22:14","2026-01-14 17:24:23",0,0,0.00
01KD73R3W8Q2YEV334KX4SCFB4,3141,0.0000,0.0000,0.0000,0,0,50,NULL,NULL,NULL,NULL,NULL,1,NULL,"2025-12-24 02:41:57","2026-01-14 03:44:57",0,0,0.00
01KD6YZMQAV8M00PGC2K9GEK0C,3140,0.0000,0.0000,0.0000,0,0,50,NULL,NULL,NULL,NULL,NULL,1,NULL,"2025-12-24 01:18:41","2025-12-24 01:18:41",0,0,0.00
01KD6Q29JBA96SS11CCCW3B5SX,3139,0.0000,0.0000,0.0000,0,0,50,NULL,NULL,NULL,NULL,NULL,1,NULL,"2025-12-23 23:00:19","2025-12-23 23:00:19",0,0,0.00
01KD6KDW61XHW3QXBVM3WZB7CV,3138,0.0000,0.0000,0.0000,0,0,50,NULL,NULL,NULL,NULL,NULL,1,NULL,"2025-12-23 21:56:44","2025-12-23 21:56:44",0,0,0.00
01KD6JE4B8XPWG0CG23G9GKFKS,3137,0.0000,0.0000,0.0000,0,0,50,NULL,NULL,NULL,NULL,NULL,1,NULL,"2025-12-23 21:39:24","2026-01-13 22:40:59",0,0,0.00
01KD6GMCXGSE3VAHVJDK80P9YE,3136,0.0000,0.0000,0.0000,0,0,50,NULL,NULL,NULL,NULL,NULL,1,NULL,"2025-12-23 21:07:52","2025-12-23 21:07:52",0,0,0.00
01KD6G71647QZTDNFXXGNQRVJ1,3135,0.0000,0.0000,0.0000,0,0,50,NULL,NULL,NULL,NULL,NULL,1,NULL,"2025-12-23 21:00:34","2025-12-23 21:00:34",0,0,0.00
01KD6FQJYGFBVF05H61XE7XMG7,3134,0.0000,0.0000,0.0000,0,0,50,NULL,NULL,NULL,NULL,NULL,1,NULL,"2025-12-23 20:52:08","2026-01-13 21:54:35",0,0,0.00
01KD62CE8TJDNQRE72QK18J4K6,3133,0.0000,0.0000,0.0000,0,0,50,NULL,NULL,NULL,NULL,NULL,1,NULL,"2025-12-23 16:58:52","2025-12-23 16:58:52",0,0,0.00
01KD4PYNE5KVHYDP5W3Q029E3D,3131,0.0000,0.0000,0.0000,0,0,50,NULL,NULL,NULL,NULL,NULL,1,NULL,"2025-12-23 04:19:51","2025-12-23 04:19:51",0,0,0.00
01KD3YQJ1THEW0K9X8XD5SY24F,3130,0.0000,0.0000,0.0000,0,0,50,NULL,NULL,NULL,NULL,NULL,1,NULL,"2025-12-22 21:16:33","2025-12-22 21:16:33",0,0,0.00
01KD3KNX6SMVPTXR1Y1G3YXJRN,3126,0.0000,0.0000,0.0000,0,0,50,NULL,NULL,NULL,NULL,NULL,1,NULL,"2025-12-22 18:03:24","2025-12-22 18:03:24",0,0,0.00
01KD3ET400JHVTV5YHJVCZS92G,3124,0.0000,0.0000,0.0000,0,0,50,NULL,NULL,NULL,NULL,NULL,1,NULL,"2025-12-22 16:38:19","2025-12-22 16:38:19",0,0,0.00
01KD3DNWR202KPW0RX7S75Q71W,3123,0.0000,0.0000,0.0000,0,0,50,NULL,NULL,NULL,NULL,NULL,1,NULL,"2025-12-22 16:18:32","2026-01-12 17:20:11",0,0,0.00
01KD197R25VXY4YVRRNCD4SWJH,3122,0.0000,0.0000,0.0000,0,0,50,NULL,NULL,NULL,NULL,NULL,1,NULL,"2025-12-21 20:22:26","2025-12-21 20:22:26",0,0,0.00
01KCX046HG3BQWPM8R7CJMCWZD,3121,0.0000,0.0000,0.0000,0,0,50,NULL,NULL,NULL,NULL,NULL,1,NULL,"2025-12-20 04:26:14","2025-12-20 04:26:14",0,0,0.00
01KCWDX6XM2SMHDGXNYNAAGT3Z,3120,0.0000,0.0000,0.0000,0,0,50,NULL,NULL,NULL,NULL,NULL,1,NULL,"2025-12-19 23:07:51","2025-12-19 23:07:51",0,0,0.00
01KCVZNG9AZNE4E1E67XQGXSEN,3118,0.0000,0.0000,0.0000,0,0,50,NULL,NULL,NULL,NULL,NULL,1,NULL,"2025-12-19 18:58:58","2025-12-19 18:58:58",0,0,0.00
01KCVNZBQ14YGD5F0EW23NXC5W,3115,0.0000,0.0000,0.0000,0,0,50,NULL,NULL,NULL,NULL,NULL,1,NULL,"2025-12-19 16:09:36","2026-01-09 17:11:13",0,0,0.00
01KCVN2EEVGT4T0W8JXWCCSTGS,3114,0.0000,0.0000,0.0000,0,0,50,NULL,NULL,NULL,NULL,NULL,1,NULL,"2025-12-19 15:53:48","2025-12-19 15:53:48",0,0,0.00
01KCVFBEM58DSF8Z720FKEFJ7H,3113,0.0000,0.0000,0.0000,0,0,50,NULL,NULL,NULL,NULL,NULL,1,NULL,"2025-12-19 14:13:52","2025-12-19 14:13:52",0,0,0.00
01KCT6Q6M2M7VR86E4GS63BQCS,3112,0.0000,0.0000,0.0000,1,1,50,NULL,NULL,NULL,NULL,NULL,1,NULL,"2025-12-19 02:23:45","2026-01-14 04:59:27",0,0,0.00
01KCT115M1C308G1J5B3PMK1XF,3111,0.0000,0.0000,0.0000,0,0,50,NULL,NULL,NULL,NULL,NULL,1,NULL,"2025-12-19 00:44:20","2025-12-19 00:44:20",0,0,0.00
01KCSPP31TRGKSZ8TCV8RHF95Z,3110,0.0000,0.0000,0.0000,0,0,50,NULL,NULL,NULL,NULL,NULL,1,NULL,"2025-12-18 21:43:32","2025-12-18 21:43:32",0,0,0.00
01KCSKHKGQT6D7V99YR31QTNWJ,3109,0.0000,0.0000,0.0000,0,0,50,NULL,NULL,NULL,NULL,NULL,1,NULL,"2025-12-18 20:48:39","2026-01-08 21:51:04",0,0,0.00
01KCSF05KZQKNMRTCCG2CEABR2,3107,0.0000,0.0000,0.0000,0,0,50,NULL,NULL,NULL,NULL,NULL,1,NULL,"2025-12-18 19:29:13","2025-12-18 19:29:13",0,0,0.00
01KCSDZVQ41MKQWY9Z7QQ9SK9B,3106,0.0000,0.0000,0.0000,0,0,50,NULL,NULL,NULL,NULL,NULL,1,NULL,"2025-12-18 19:11:35","2025-12-18 19:11:35",0,0,0.00
01KCSCTEXZ54GHG28KRT7Q893E,3105,0.0000,0.0000,0.0000,0,0,50,NULL,NULL,NULL,NULL,NULL,1,NULL,"2025-12-18 18:51:09","2025-12-18 18:51:09",0,0,0.00
01KCSBA3XKXHRAT72WYAGR4KAT,3104,0.0000,0.0000,0.0000,0,0,50,NULL,NULL,NULL,NULL,NULL,1,NULL,"2025-12-18 18:24:45","2025-12-18 18:24:45",0,0,0.00
01KCS9E0JVS8SWAQ3PQHF652FH,3103,0.0000,0.0000,0.0000,0,0,50,NULL,NULL,NULL,NULL,NULL,1,NULL,"2025-12-18 17:51:55","2026-01-08 18:53:46",0,0,0.00
01KCRWKJPPK3Y6GTZREB42W9SN,3102,0.0000,0.0000,0.0000,0,0,50,NULL,NULL,NULL,NULL,NULL,1,NULL,"2025-12-18 14:07:46","2026-01-08 18:03:51",0,0,0.00
01KCQDCPYAHPFRXT70Q09MTK3S,3101,0.0000,0.0000,0.0000,0,0,50,NULL,NULL,NULL,NULL,NULL,1,NULL,"2025-12-18 00:22:38","2025-12-18 00:22:38",0,0,0.00
01KCQ5E8TXN9J7M7WYYJ9GY8DV,3099,0.0000,0.0000,0.0000,0,0,50,NULL,NULL,NULL,NULL,NULL,1,NULL,"2025-12-17 22:03:41","2026-01-08 18:04:55",0,0,0.00
01KCQ356KFYN5FT098DFDE6606,3098,0.0000,0.0000,0.0000,0,0,50,NULL,NULL,NULL,NULL,NULL,1,NULL,"2025-12-17 21:23:46","2026-01-08 18:05:27",0,0,0.00
01KCQ1XPCV5658732FB1QR06AB,3097,0.0000,0.0000,0.0000,1,1,50,NULL,NULL,NULL,NULL,NULL,1,NULL,"2025-12-17 21:02:12","2026-01-14 17:58:00",0,0,0.00
01KCPMD04A2J6B7Z04T3QKG521,3096,0.0000,0.0000,0.0000,1,1,50,NULL,NULL,NULL,NULL,NULL,1,NULL,"2025-12-17 17:05:53","2025-12-17 17:06:02",0,0,0.00
01KCPHWWHBMENN5HB948DWQFRW,3094,0.0000,0.0000,0.0000,1,1,50,NULL,NULL,NULL,NULL,NULL,1,NULL,"2025-12-17 16:22:08","2025-12-17 16:22:47",0,0,0.00
01KCPDMVHCRP9MTJB9H0YFQACC,3093,0.0000,0.0000,0.0000,1,1,50,NULL,NULL,NULL,NULL,NULL,1,NULL,"2025-12-17 15:07:51","2025-12-17 15:08:20",0,0,0.00
01KCPDHYDFGBE41ZCXZE266Z70,3092,0.0000,0.0000,0.0000,0,0,50,NULL,NULL,NULL,NULL,NULL,1,NULL,"2025-12-17 15:06:15","2025-12-17 15:06:15",0,0,0.00
01KCPAG72XEKVYHYM8CNH4A555,3091,0.0000,0.0000,0.0000,1,1,50,NULL,NULL,NULL,NULL,NULL,1,NULL,"2025-12-17 14:12:53","2025-12-17 14:13:22",0,0,0.00
01KCP8WMKM6CGD3W7VYZQ939ME,3090,0.0000,0.0000,0.0000,0,0,50,NULL,NULL,NULL,NULL,NULL,1,NULL,"2025-12-17 13:44:43","2025-12-17 13:44:43",0,0,0.00
01KCN71X7QWTRVK8VE0AVT1RSW,3089,0.0000,0.0000,0.0000,0,0,50,NULL,NULL,NULL,NULL,NULL,1,NULL,"2025-12-17 03:53:24","2026-01-09 05:15:00",0,0,0.00
01KCM6G6G4T973JYESQW6CQ1EX,3088,0.0000,0.0000,0.0000,1,1,50,NULL,NULL,NULL,NULL,NULL,1,NULL,"2025-12-16 18:24:29","2025-12-16 18:25:22",0,0,0.00
01KCM0MTERTBZ3ZDRYJDM8HFB2,3087,0.0000,0.0000,0.0000,1,1,50,NULL,NULL,NULL,NULL,NULL,1,NULL,"2025-12-16 16:42:09","2025-12-16 16:42:21",0,0,0.00
01KCM03YNC9RJZM3N9JWM4ZJ0D,3086,0.0000,0.0000,0.0000,1,1,50,NULL,NULL,NULL,NULL,NULL,1,NULL,"2025-12-16 16:32:57","2025-12-16 16:35:07",0,0,0.00
01KCKW9WSWNRMTSVCNEQ6004PG,3085,0.0000,0.0000,0.0000,0,0,50,NULL,NULL,NULL,NULL,NULL,1,NULL,"2025-12-16 15:26:17","2025-12-16 15:26:17",0,0,0.00
01KCKVE19QBARA8Q40WK8V5QJB,3084,0.0000,0.0000,0.0000,0,0,50,NULL,NULL,NULL,NULL,NULL,1,NULL,"2025-12-16 15:11:04","2025-12-16 15:11:04",0,0,0.00
01KCKPV46WYDMJWR0PWSWBAR0H,3083,0.0000,0.0000,0.0000,1,1,50,NULL,NULL,NULL,NULL,NULL,1,NULL,"2025-12-16 13:50:50","2025-12-16 13:51:45",0,0,0.00
01KCJHR8HY60SA8569NTV6SXJ1,3082,0.0000,0.0000,0.0000,0,0,50,NULL,NULL,NULL,NULL,NULL,1,NULL,"2025-12-16 03:02:39","2025-12-16 03:02:39",0,0,0.00
01KCJA4P8H44B96H9HCZ6F68E6,3081,0.0000,0.0000,0.0000,1,1,50,NULL,NULL,NULL,NULL,NULL,1,NULL,"2025-12-16 00:49:38","2025-12-16 00:49:46",0,0,0.00
01KCJ9QHEZ83DQGNDNYJ3WE65X,3080,0.0000,0.0000,0.0000,1,1,50,NULL,NULL,NULL,NULL,NULL,1,NULL,"2025-12-16 00:42:27","2025-12-16 00:45:20",0,0,0.00
01KCHZESSDQ6A1JFJ1297B84D9,3079,0.0000,0.0000,0.0000,0,0,50,NULL,NULL,NULL,NULL,NULL,1,NULL,"2025-12-15 21:42:55","2025-12-15 21:42:55",0,0,0.00
01KCHWV4276XM3V7HYGZ12XESQ,3078,0.0000,0.0000,0.0000,0,0,50,NULL,NULL,NULL,NULL,NULL,1,NULL,"2025-12-15 20:57:13","2025-12-15 20:57:13",0,0,0.00
01KCHSPPMJHT8ATBQBY7CVJPMA,3077,0.0000,0.0000,0.0000,1,1,50,NULL,NULL,NULL,NULL,NULL,1,NULL,"2025-12-15 20:02:22","2025-12-15 20:16:22",0,0,0.00
01KCHRD8NE0CNFGJX6XKB26D05,3075,0.0000,0.0000,0.0000,0,0,50,NULL,NULL,NULL,NULL,NULL,1,NULL,"2025-12-15 19:39:44","2025-12-15 19:39:44",0,0,0.00
01KCHPZY45HDWFMT9SA7STQT3R,3074,0.0000,0.0000,0.0000,0,0,50,NULL,NULL,NULL,NULL,NULL,1,NULL,"2025-12-15 19:14:59","2025-12-15 19:14:59",0,0,0.00
01KCHCTMAAA4F4ZHAP028AGAF2,3072,0.0000,0.0000,0.0000,0,0,50,NULL,NULL,NULL,NULL,NULL,1,NULL,"2025-12-15 16:17:19","2025-12-15 16:17:19",0,0,0.00
01KCHA06B5EDHDSCP6KJT4HAYS,3071,0.0000,0.0000,0.0000,1,1,50,NULL,NULL,NULL,NULL,NULL,1,NULL,"2025-12-15 15:27:56","2025-12-15 15:30:04",0,0,0.00
01KCH9G76CC44SHRWRQYHYCSQE,3070,0.0000,0.0000,0.0000,1,1,50,NULL,NULL,NULL,NULL,NULL,1,NULL,"2025-12-15 15:19:12","2025-12-15 15:42:20",0,0,0.00
01KCH94K7WB0P1CJTV76Z8DFBM,3069,0.0000,0.0000,0.0000,0,0,50,NULL,NULL,NULL,NULL,NULL,1,NULL,"2025-12-15 15:12:51","2025-12-15 15:12:51",0,0,0.00
01KCH91K2MR3CARKY34A9B77Z7,3068,0.0000,0.0000,0.0000,1,1,50,NULL,NULL,NULL,NULL,NULL,1,NULL,"2025-12-15 15:11:13","2025-12-15 15:15:13",0,0,0.00
01KCH8W514GJ9C9CHJMKVSK8WA,3067,0.0000,0.0000,0.0000,1,1,50,NULL,NULL,NULL,NULL,NULL,1,NULL,"2025-12-15 15:08:15","2025-12-15 15:09:33",0,0,0.00
01KCH5WYT9BB8QDXJCVBVWM601,3066,0.0000,0.0000,0.0000,0,0,50,NULL,NULL,NULL,NULL,NULL,1,NULL,"2025-12-15 14:16:15","2025-12-15 14:16:15",0,0,0.00
01KCH1HZ0FAE3A0Q9XST64J7KV,3065,0.0000,0.0000,0.0000,0,0,50,NULL,NULL,NULL,NULL,NULL,1,NULL,"2025-12-15 13:00:21","2025-12-15 13:00:21",0,0,0.00
01KCC92Q3ZWT2XNF3KCXXJ7WEA,3064,0.0000,0.0000,0.0000,1,1,50,NULL,NULL,NULL,NULL,NULL,1,NULL,"2025-12-13 16:35:38","2025-12-13 16:41:48",0,0,0.00
01KCAHFKTK50SHCVRFGGVQ0WYB,3063,0.0000,0.0000,0.0000,0,0,50,NULL,NULL,NULL,NULL,NULL,1,NULL,"2025-12-13 00:24:00","2025-12-13 00:24:00",0,0,0.00
01KCACRMC1WEXRA18ARDR9Q3YR,3062,0.0000,0.0000,0.0000,0,0,50,NULL,NULL,NULL,NULL,NULL,1,NULL,"2025-12-12 23:01:33","2025-12-12 23:01:33",0,0,0.00
01KCABJN2Y3HQHFFFRVK1W0BRJ,3061,0.0000,0.0000,0.0000,0,0,50,NULL,NULL,NULL,NULL,NULL,1,NULL,"2025-12-12 22:40:48","2026-01-13 15:33:51",0,0,0.00
01KCA9RCJH0YT92CZHH0SHZJBX,3060,0.0000,0.0000,0.0000,1,1,50,NULL,NULL,NULL,NULL,NULL,1,NULL,"2025-12-12 22:08:59","2025-12-12 22:09:36",0,0,0.00
01KCA9GP1D5AFHBT3Q5JDZK3ZY,3059,0.0000,0.0000,0.0000,0,0,50,NULL,NULL,NULL,NULL,NULL,1,NULL,"2025-12-12 22:04:47","2025-12-12 22:04:47",0,0,0.00
01KCA95F1C7WT7WVH0R0SW4AS8,3058,0.0000,0.0000,0.0000,0,0,50,NULL,NULL,NULL,NULL,NULL,1,NULL,"2025-12-12 21:58:39","2025-12-12 21:58:39",0,0,0.00
01KCA5RWH1FAF2ZDP3Y2HM8YGN,3057,0.0000,0.0000,0.0000,0,0,50,NULL,NULL,NULL,NULL,NULL,1,NULL,"2025-12-12 20:59:21","2025-12-12 20:59:21",0,0,0.00
01KCA1871DK80RRCDJFK0W96AT,3056,0.0000,0.0000,0.0000,0,0,50,NULL,NULL,NULL,NULL,NULL,1,NULL,"2025-12-12 19:40:20","2025-12-12 19:40:20",0,0,0.00
01KC9Z9ESG9J4PWSAQKDQFXQXN,3055,0.0000,0.0000,0.0000,1,1,50,NULL,NULL,NULL,NULL,NULL,1,NULL,"2025-12-12 19:06:04","2025-12-12 19:06:36",0,0,0.00
01KC9Z1ZTXEWMDWRMRZVKXD98R,3054,0.0000,0.0000,0.0000,1,1,50,NULL,NULL,NULL,NULL,NULL,1,NULL,"2025-12-12 19:01:59","2025-12-12 19:02:24",0,0,0.00
01KC9XZ5MJZK0TZC0KEQZ1CKW8,3053,0.0000,0.0000,0.0000,0,0,50,NULL,NULL,NULL,NULL,NULL,1,NULL,"2025-12-12 18:42:58","2025-12-12 18:42:58",0,0,0.00
01KC9XNJ96WNQ0C9VM0KEAC7PC,3052,0.0000,0.0000,0.0000,0,0,50,NULL,NULL,NULL,NULL,NULL,1,NULL,"2025-12-12 18:37:44","2025-12-12 18:37:44",0,0,0.00
01KC9JTX8AFRGT3ZSR7XEH144F,3051,0.0000,0.0000,0.0000,1,1,50,NULL,NULL,NULL,NULL,NULL,1,NULL,"2025-12-12 15:28:24","2026-01-06 22:09:09",0,0,0.00
01KC9HY8JCNFH6500A2CWS3NXV,3050,0.0000,0.0000,0.0000,0,0,50,NULL,NULL,NULL,NULL,NULL,1,NULL,"2025-12-12 15:12:46","2025-12-12 15:12:46",0,0,0.00
01KC9BCNHDA17MKZNY0MY4AGAQ,3049,0.0000,0.0000,0.0000,0,0,50,NULL,NULL,NULL,NULL,NULL,1,NULL,"2025-12-12 13:18:18","2025-12-12 13:18:18",0,0,0.00
01KC7K6RNV07Q1V5A1DT92YEH1,3048,0.0000,0.0000,0.0000,1,1,50,NULL,NULL,NULL,NULL,NULL,1,NULL,"2025-12-11 20:56:24","2025-12-11 20:56:44",0,0,0.00
01KC7EZM9ENEAD1EAFJNCAXY3H,3047,0.0000,0.0000,0.0000,1,1,49,NULL,NULL,NULL,NULL,NULL,1,NULL,"2025-12-11 19:42:36","2025-12-16 06:30:19",0,0,0.00
01KC73KNRCEP2Q2NZFP6DS6AKP,3046,0.0000,0.0000,0.0000,0,0,50,NULL,NULL,NULL,NULL,NULL,1,NULL,"2025-12-11 16:23:50","2025-12-11 16:23:50",0,0,0.00
01KC705VAXV100V5CQ0TPFR4TC,3045,0.0000,0.0000,0.0000,1,1,50,NULL,NULL,NULL,NULL,NULL,1,NULL,"2025-12-11 15:23:51","2025-12-11 15:24:12",0,0,0.00
01KC6ZHMSE08MH0PW58BD06QVA,3044,0.0000,0.0000,0.0000,0,0,50,NULL,NULL,NULL,NULL,NULL,1,NULL,"2025-12-11 15:12:49","2025-12-11 15:12:49",0,0,0.00
01KC59JHPBXR0QJPN3XWPJCY19,3043,0.0000,0.0000,0.0000,0,0,50,NULL,NULL,NULL,NULL,NULL,1,NULL,"2025-12-10 23:29:35","2025-12-10 23:29:35",0,0,0.00
01KC4Z3TT97W7B5G4VDMMVEHT6,3041,0.0000,0.0000,0.0000,0,0,50,NULL,NULL,NULL,NULL,NULL,1,NULL,"2025-12-10 20:26:48","2025-12-10 20:26:48",0,0,0.00
01KC4VNBVJTQEC2M8MYQBQEE5Q,3040,0.0000,0.0000,0.0000,1,1,50,NULL,NULL,NULL,NULL,NULL,1,NULL,"2025-12-10 19:26:28","2025-12-10 19:27:03",0,0,0.00
01KC4PQFKQ7PA274G9RKVGP747,3039,0.0000,0.0000,0.0000,1,1,50,NULL,NULL,NULL,NULL,NULL,1,NULL,"2025-12-10 18:00:14","2025-12-10 18:00:42",0,0,0.00
01KC4NWNYJDKC9S42YG5N0FHJ9,3038,0.0000,0.0000,0.0000,0,0,50,NULL,NULL,NULL,NULL,NULL,1,NULL,"2025-12-10 17:45:36","2025-12-10 17:45:36",0,0,0.00
01KC4KPPM23ASX9VQZ5EDS6AA6,3037,0.0000,0.0000,0.0000,1,1,49,NULL,NULL,NULL,NULL,NULL,1,NULL,"2025-12-10 17:07:23","2025-12-11 06:30:20",0,0,0.00
01KC4CB4ZCPBTPACXRVB16Y4C5,3036,0.0000,0.0000,0.0000,1,1,50,NULL,NULL,NULL,NULL,NULL,1,NULL,"2025-12-10 14:58:44","2025-12-10 15:16:12",0,0,0.00
01KC49JFF1HDQ5334D34RJCH89,3035,0.0000,0.0000,0.0000,1,1,50,NULL,NULL,NULL,NULL,NULL,1,NULL,"2025-12-10 14:10:19","2025-12-10 14:11:19",0,0,0.00
01KC2XB5GEHY03NXW5X263V6AH,3033,0.0000,0.0000,0.0000,0,0,50,NULL,NULL,NULL,NULL,NULL,1,NULL,"2025-12-10 01:17:22","2025-12-10 01:17:22",0,0,0.00
01KC2V365ZX9PA33724EBP9F42,3032,0.0000,0.0000,0.0000,0,0,50,NULL,NULL,NULL,NULL,NULL,1,NULL,"2025-12-10 00:38:03","2025-12-10 00:38:03",0,0,0.00
01KC2TNVZ9HD67PJEXPSAFAAEH,3031,0.0000,0.0000,0.0000,0,0,50,NULL,NULL,NULL,NULL,NULL,1,NULL,"2025-12-10 00:30:47","2025-12-10 00:30:47",0,0,0.00
01KC2SBERC867AHWD5YPW7J3JG,3030,0.0000,0.0000,0.0000,0,0,50,NULL,NULL,NULL,NULL,NULL,1,NULL,"2025-12-10 00:07:37","2025-12-10 00:07:37",0,0,0.00
01KC2MZWMTSFVD8A2JGRB9E1GF,3029,0.0000,0.0000,0.0000,0,0,50,NULL,NULL,NULL,NULL,NULL,1,NULL,"2025-12-09 22:51:24","2025-12-09 22:51:24",0,0,0.00
01KC2MYNNZ11BHTMCYSWE1F8PM,3028,0.0000,0.0000,0.0000,0,0,50,NULL,NULL,NULL,NULL,NULL,1,NULL,"2025-12-09 22:50:44","2025-12-09 22:50:44",0,0,0.00
01KC2MDMT5QZD69AKQGZW91T14,3027,0.0000,0.0000,0.0000,0,0,50,NULL,NULL,NULL,NULL,NULL,1,NULL,"2025-12-09 22:41:26","2025-12-09 22:41:26",0,0,0.00
01KC2M1JNJ58YNSDVNWHEXZGGJ,3026,0.0000,0.0000,0.0000,1,1,50,NULL,NULL,NULL,NULL,NULL,1,NULL,"2025-12-09 22:34:50","2025-12-09 22:35:08",0,0,0.00
01KC2K47Q1KAZ4Z6TKNFMH0FFW,3025,0.0000,0.0000,0.0000,0,0,50,NULL,NULL,NULL,NULL,NULL,1,NULL,"2025-12-09 22:18:49","2025-12-09 22:18:49",0,0,0.00
01KC2K153ZJ03YJS4FJJKNR7EX,3024,0.0000,0.0000,0.0000,0,0,50,NULL,NULL,NULL,NULL,NULL,1,NULL,"2025-12-09 22:17:08","2025-12-09 22:17:08",0,0,0.00
01KC2J4V44NSV6CSR63EQV03CZ,3023,0.0000,0.0000,0.0000,0,0,50,NULL,NULL,NULL,NULL,NULL,1,NULL,"2025-12-09 22:01:40","2025-12-09 22:01:40",0,0,0.00
01KC2J4NNWHBT6B39VK5WG5E03,3022,0.0000,0.0000,0.0000,0,0,50,NULL,NULL,NULL,NULL,NULL,1,NULL,"2025-12-09 22:01:35","2025-12-09 22:01:35",0,0,0.00
01KC2HHV31JCS0G4FZGVK4WG67,3021,0.0000,0.0000,0.0000,0,0,50,NULL,NULL,NULL,NULL,NULL,1,NULL,"2025-12-09 21:51:18","2025-12-09 21:51:18",0,0,0.00
01KC2H07J650TAQPTN4N46NC7J,3020,0.0000,0.0000,0.0000,0,0,50,NULL,NULL,NULL,NULL,NULL,1,NULL,"2025-12-09 21:41:41","2025-12-09 21:41:41",0,0,0.00
01KC2G6840GV7Q1PTHJZMC3Y9G,3019,0.0000,0.0000,0.0000,0,0,50,NULL,NULL,NULL,NULL,NULL,1,NULL,"2025-12-09 21:27:29","2025-12-09 21:27:29",0,0,0.00
01KC2FX9EYBPGB458JKXHZ2KBR,3018,0.0000,0.0000,0.0000,1,1,50,NULL,NULL,NULL,NULL,NULL,1,NULL,"2025-12-09 21:22:36","2025-12-09 21:22:48",0,0,0.00
01KC23F4MT1HSP92SNQ3J458FY,3014,0.0000,0.0000,0.0000,0,0,50,NULL,NULL,NULL,NULL,NULL,1,NULL,"2025-12-09 17:45:09","2025-12-09 17:45:09",0,0,0.00
01KC23436PAB7RQVMM41SE95NQ,3013,0.0000,0.0000,0.0000,0,0,50,NULL,NULL,NULL,NULL,NULL,1,NULL,"2025-12-09 17:39:07","2025-12-09 17:39:07",0,0,0.00
01KC1XS0Q7MFJGNGD6TADFBRAR,3011,0.0000,0.0000,0.0000,0,0,48,NULL,NULL,NULL,NULL,NULL,1,NULL,"2025-12-09 16:05:41","2025-12-16 06:30:18",0,0,0.00
01KC0N9WT52JBGV696X1TVD429,3010,0.0000,0.0000,0.0000,0,0,50,NULL,NULL,NULL,NULL,NULL,1,NULL,"2025-12-09 04:18:23","2025-12-09 04:18:23",0,0,0.00
01KBZYFVRH5P0K331RP0N8YG2B,3009,0.0000,0.0000,0.0000,0,0,50,NULL,NULL,NULL,NULL,NULL,1,NULL,"2025-12-08 21:39:41","2025-12-08 21:39:41",0,0,0.00
01KBRZWF3W5JNZ0AEW3MGK9G1E,3008,0.0000,0.0000,0.0000,0,0,50,NULL,NULL,NULL,NULL,NULL,1,NULL,"2025-12-06 04:49:22","2025-12-06 04:49:22",0,0,0.00
01KBR828WM1491QCTD67KM7BW1,3007,0.0000,0.0000,0.0000,1,1,49,NULL,NULL,NULL,NULL,NULL,1,NULL,"2025-12-05 21:53:06","2025-12-12 06:30:15",0,0,0.00
01KBR0S4G882RTZ7CNHGR0M2NY,3005,0.0000,0.0000,0.0000,0,0,50,NULL,NULL,NULL,NULL,NULL,1,NULL,"2025-12-05 19:45:47","2025-12-05 19:45:47",0,0,0.00
01KBQT46DPJPPD8Q1AW81FEA7D,3004,0.0000,0.0000,0.0000,1,1,47,NULL,NULL,NULL,NULL,NULL,1,NULL,"2025-12-05 17:49:29","2025-12-11 06:30:17",0,0,0.00
01KBQPE48N8Y870NEYTNR96P2P,3003,0.0000,0.0000,0.0000,1,1,50,NULL,NULL,NULL,NULL,NULL,1,NULL,"2025-12-05 16:45:00","2025-12-05 21:58:24",0,0,0.00
01KBQFA760775QXHEEKT12CX84,3002,0.0000,0.0000,0.0000,1,1,50,NULL,NULL,NULL,NULL,NULL,1,NULL,"2025-12-05 14:40:32","2025-12-05 14:42:51",0,0,0.00
01KBNJA76Q99GDQFVETXADZJPF,3000,0.0000,0.0000,0.0000,1,1,50,NULL,NULL,NULL,NULL,NULL,1,NULL,"2025-12-04 20:54:29","2025-12-04 20:55:50",0,0,0.00
01KBNGA995A9VSQSWD8YNNMT3F,2998,0.0000,0.0000,0.0000,1,1,49,NULL,NULL,NULL,NULL,NULL,1,NULL,"2025-12-04 20:19:34","2025-12-16 06:30:18",0,0,0.00
01KBN6V2YGGDVJB66VMHT2XHVK,2997,0.0000,0.0000,0.0000,0,0,50,NULL,NULL,NULL,NULL,NULL,1,NULL,"2025-12-04 17:33:59","2025-12-04 17:33:59",0,0,0.00
01KBN6RKW2DSZSH1AF17E0472H,2996,0.0000,0.0000,0.0000,0,0,50,NULL,NULL,NULL,NULL,NULL,1,NULL,"2025-12-04 17:32:38","2025-12-04 17:32:38",0,0,0.00
01KBN6B513RV3E3BPAN7TRZGWF,2995,0.0000,0.0000,0.0000,0,0,50,NULL,NULL,NULL,NULL,NULL,1,NULL,"2025-12-04 17:25:16","2025-12-04 17:25:16",0,0,0.00
01KBMXMKWW5D16P4RDK6JERXME,2994,0.0000,0.0000,0.0000,0,0,50,NULL,NULL,NULL,NULL,NULL,1,NULL,"2025-12-04 14:53:09","2025-12-04 14:53:09",0,0,0.00
01KBMX34RERCYWMSJ0X5TTYXQX,2993,0.0000,0.0000,0.0000,0,0,50,NULL,NULL,NULL,NULL,NULL,1,NULL,"2025-12-04 14:43:37","2025-12-04 14:43:37",0,0,0.00
01KBMRPXBXD3D1ZYH996D1Y0VQ,2992,0.0000,0.0000,0.0000,0,0,50,NULL,NULL,NULL,NULL,NULL,1,NULL,"2025-12-04 13:27:02","2025-12-04 13:27:02",0,0,0.00
01KBJYQWABV35DX9MQETR45BC9,2991,0.0000,0.0000,0.0000,0,0,50,NULL,NULL,NULL,NULL,NULL,1,NULL,"2025-12-03 20:33:56","2025-12-03 20:33:56",0,0,0.00
01KBJSS3R84SDXEQT57P86Y89Y,2990,0.0000,0.0000,0.0000,0,0,50,NULL,NULL,NULL,NULL,NULL,1,NULL,"2025-12-03 19:07:14","2025-12-03 19:07:14",0,0,0.00
01KBJBX82NRS5EQ4MKHE0VHQQF,2989,0.0000,0.0000,0.0000,1,1,50,NULL,NULL,NULL,NULL,NULL,1,NULL,"2025-12-03 15:04:49","2025-12-03 15:06:20",0,0,0.00
01KBJ7MG8SNT3QQ0XHY5SHEP0W,2987,0.0000,0.0000,0.0000,0,0,49,NULL,NULL,NULL,NULL,NULL,1,NULL,"2025-12-03 13:50:08","2025-12-05 06:30:12",0,0,0.00
01KBGNS821PB9K6K6NCRXCQNSS,2983,0.0000,0.0000,0.0000,1,1,50,NULL,NULL,NULL,NULL,NULL,1,NULL,"2025-12-02 23:18:55","2025-12-04 17:11:08",0,0,0.00
01KBGE6PPNZ1QBNXAPD88CFGRG,2979,0.0000,0.0000,0.0000,0,0,50,NULL,NULL,NULL,NULL,NULL,1,NULL,"2025-12-02 21:06:27","2025-12-02 21:06:27",0,0,0.00
01KBG7K18KBEHN93FC0E6048VW,2977,0.0000,0.0000,0.0000,0,0,35,NULL,NULL,NULL,NULL,NULL,1,NULL,"2025-12-02 19:10:51","2026-01-05 21:37:09",0,0,0.00
01KBG1T6MY7A6K0GE4CAJF0TAT,2976,0.0000,0.0000,0.0000,0,0,50,NULL,NULL,NULL,NULL,NULL,1,NULL,"2025-12-02 17:29:55","2025-12-02 17:29:55",0,0,0.00
01KBFZYYAC445Y9M8Y0HSW0X3F,2974,0.0000,0.0000,0.0000,1,1,50,NULL,NULL,NULL,NULL,NULL,1,NULL,"2025-12-02 16:57:33","2025-12-03 13:39:11",0,0,0.00
01KBFX6MD8MMXRW4SM21M0CEFJ,2973,0.0000,0.0000,0.0000,0,0,50,NULL,NULL,NULL,NULL,NULL,1,NULL,"2025-12-02 16:09:19","2025-12-02 16:09:19",0,0,0.00
01KBFS78WVRT8J5S3P84MZPY0E,2971,0.0000,0.0000,0.0000,1,1,47,NULL,NULL,NULL,NULL,NULL,1,NULL,"2025-12-02 14:59:46","2025-12-09 06:30:18",0,0,0.00
01KBFR4S1NP8QTKS842VNXWF2Y,2970,0.0000,0.0000,0.0000,1,1,50,NULL,NULL,NULL,NULL,NULL,1,NULL,"2025-12-02 14:40:55","2025-12-02 15:21:51",0,0,0.00
01KBFMBJCGD5MP4A8G3PX1HCW6,2968,0.0000,0.0000,0.0000,1,1,50,NULL,NULL,NULL,NULL,NULL,1,NULL,"2025-12-02 13:34:44","2025-12-12 19:13:56",0,0,0.00
01KBEAQYEJ8M8MGT38RR9F2F31,2963,0.0000,0.0000,0.0000,1,1,50,NULL,NULL,NULL,NULL,NULL,1,NULL,"2025-12-02 01:27:29","2025-12-02 01:27:57",0,0,0.00
01KBE505TZGN3S6XBT1XPWABAQ,2962,0.0000,0.0000,0.0000,0,0,50,NULL,NULL,NULL,NULL,NULL,1,NULL,"2025-12-01 23:47:07","2025-12-01 23:47:07",0,0,0.00
01KBE2HYXA5YBHQESNF92Y1PCB,2961,0.0000,0.0000,0.0000,1,1,49,NULL,NULL,NULL,NULL,NULL,1,NULL,"2025-12-01 23:04:24","2025-12-03 06:30:14",0,0,0.00
01KBDZKVQZM9P09R5EMCX7NCA4,2960,0.0000,0.0000,0.0000,1,1,50,NULL,NULL,NULL,NULL,NULL,1,NULL,"2025-12-01 22:13:01","2025-12-01 22:13:37",0,0,0.00
01KBDR4AVQZ5QSS06DBTX9BCTJ,2959,0.0000,0.0000,0.0000,1,1,49,NULL,NULL,NULL,NULL,NULL,1,NULL,"2025-12-01 20:02:12","2025-12-09 06:30:18",0,0,0.00
01KBDKCJH77MK9C7517Q18KB00,2958,0.0000,0.0000,0.0000,1,1,50,NULL,NULL,NULL,NULL,NULL,1,NULL,"2025-12-01 18:39:19","2025-12-08 19:59:07",0,0,0.00
01KBD689JH8C3WR7T77B8BXE35,2954,0.0000,0.0000,0.0000,0,0,50,NULL,NULL,NULL,NULL,NULL,1,NULL,"2025-12-01 14:49:47","2025-12-01 14:49:47",0,0,0.00
01KBBW9D5SCAA305G3Y9TV0HSB,2953,0.0000,0.0000,0.0000,1,1,50,NULL,NULL,NULL,NULL,NULL,1,NULL,"2025-12-01 02:36:24","2025-12-01 02:37:33",0,0,0.00
01KBBT08XMMM24KE647CB9V0K7,2952,0.0000,0.0000,0.0000,0,0,50,NULL,NULL,NULL,NULL,NULL,1,NULL,"2025-12-01 01:56:27","2025-12-01 01:56:27",0,0,0.00
01KBBM3KMJ4X4DDV588MA6AAZ3,2951,0.0000,0.0000,0.0000,1,1,46,NULL,NULL,NULL,NULL,NULL,1,NULL,"2025-12-01 00:13:25","2026-01-12 20:35:52",0,0,0.00
01KBBK4F4TM036G866R65VQR0X,2950,0.0000,0.0000,0.0000,0,0,50,NULL,NULL,NULL,NULL,NULL,1,NULL,"2025-11-30 23:56:25","2025-11-30 23:56:25",0,0,0.00
01KBBE335HYPZ7T8VK9H8ME2BH,2949,0.0000,0.0000,0.0000,0,0,50,NULL,NULL,NULL,NULL,NULL,1,NULL,"2025-11-30 22:28:17","2025-11-30 22:28:17",0,0,0.00
01KB90VFZJNC4944XAW21Q01YD,2948,0.0000,0.0000,0.0000,0,0,50,NULL,NULL,NULL,NULL,NULL,1,NULL,"2025-11-29 23:58:27","2025-11-29 23:58:27",0,0,0.00
01KB6W11J2BQDQM8EZ4S69C12F,2947,0.0000,0.0000,0.0000,0,0,50,NULL,NULL,NULL,NULL,NULL,1,NULL,"2025-11-29 03:55:37","2025-11-29 03:55:37",0,0,0.00
01KB62AK286SPG5NAKJRYZ0J54,2946,0.0000,0.0000,0.0000,1,1,50,NULL,NULL,NULL,NULL,NULL,1,NULL,"2025-11-28 20:26:27","2025-12-01 13:32:13",0,0,0.00
01KB5KD2M1XH8D8HX0KEH279K6,2944,0.0000,0.0000,0.0000,1,1,50,NULL,NULL,NULL,NULL,NULL,1,NULL,"2025-11-28 16:05:40","2025-11-28 16:06:00",0,0,0.00
01KB5HZAXCQAAXX08YVJRDRF1N,2943,0.0000,0.0000,0.0000,0,0,50,NULL,NULL,NULL,NULL,NULL,1,NULL,"2025-11-28 15:40:41","2025-11-28 15:40:41",0,0,0.00
01KB5EGG0DAD25ES48CP98SZRV,2942,0.0000,0.0000,0.0000,1,1,50,NULL,NULL,NULL,NULL,NULL,1,NULL,"2025-11-28 14:40:09","2025-12-03 19:45:41",0,0,0.00
01KB5CEFSQ3W052V0ASTQ66D07,2941,0.0000,0.0000,0.0000,0,0,50,NULL,NULL,NULL,NULL,NULL,1,NULL,"2025-11-28 14:04:06","2025-11-28 14:04:06",0,0,0.00
01KB3EG8PCZN2WHWWK0MTD72BN,2940,0.0000,0.0000,0.0000,0,0,50,NULL,NULL,NULL,NULL,NULL,1,NULL,"2025-11-27 20:01:33","2025-11-27 20:01:33",0,0,0.00
01KB2XE3HN8X32PW5GY45PFC6R,2939,0.0000,0.0000,0.0000,0,0,50,NULL,NULL,NULL,NULL,NULL,1,NULL,"2025-11-27 15:03:16","2026-01-08 18:40:57",0,0,0.00
01KB2XB5H4M38H3EC7SM888AZF,2938,0.0000,0.0000,0.0000,0,0,50,NULL,NULL,NULL,NULL,NULL,1,NULL,"2025-11-27 15:01:40","2026-01-08 18:41:48",0,0,0.00
01KB2R8F121XM3YVSV3X8V08SF,2937,0.0000,0.0000,0.0000,0,0,50,NULL,NULL,NULL,NULL,NULL,1,NULL,"2025-11-27 13:32:49","2025-11-27 13:32:49",0,0,0.00
01KB148XABY54QPX5S1G9CXT2D,2935,0.0000,0.0000,0.0000,0,0,50,NULL,NULL,NULL,NULL,NULL,1,NULL,"2025-11-26 22:24:17","2025-11-26 22:24:17",0,0,0.00
01KB0ZJTBWMS00DEEV34EPSKCS,2933,0.0000,0.0000,0.0000,0,0,50,NULL,NULL,NULL,NULL,NULL,1,NULL,"2025-11-26 21:02:19","2026-01-08 18:50:38",0,0,0.00
01KB0X3BYREGBF0GNN5H9AVMAA,2932,0.0000,0.0000,0.0000,0,0,50,NULL,NULL,NULL,NULL,NULL,1,NULL,"2025-11-26 20:18:56","2025-11-26 20:18:56",0,0,0.00
01KB0MTSR9WFGR1QWEEGHXBRDT,2931,0.0000,0.0000,0.0000,0,0,50,NULL,NULL,NULL,NULL,NULL,1,NULL,"2025-11-26 17:54:26","2026-01-08 18:51:03",0,0,0.00
01KB0MBZ7P4JYVXFFSSV5FNDGV,2930,0.0000,0.0000,0.0000,0,0,50,NULL,NULL,NULL,NULL,NULL,1,NULL,"2025-11-26 17:46:20","2025-11-26 17:46:20",0,0,0.00
01KB0DG8H7X36M7Y91R1RD733J,2928,0.0000,0.0000,0.0000,0,0,50,NULL,NULL,NULL,NULL,NULL,1,NULL,"2025-11-26 15:46:21","2026-01-08 18:51:29",0,0,0.00
01KB0CYWMNVQTDXAZTC7386NWW,2927,0.0000,0.0000,0.0000,0,0,50,NULL,NULL,NULL,NULL,NULL,1,NULL,"2025-11-26 15:36:52","2025-11-26 15:36:52",0,0,0.00
01KB0CXHBG3QFQRMMCQRWY7TT5,2926,0.0000,0.0000,0.0000,0,0,50,NULL,NULL,NULL,NULL,NULL,1,NULL,"2025-11-26 15:36:07","2026-01-08 18:51:52",0,0,0.00
01KB0AQR0BRA772F70A41RVRH3,2925,10.0000,10.0000,0.0000,1,1,45,NULL,NULL,NULL,NULL,NULL,1,NULL,"2025-11-26 14:58:00","2026-01-09 13:09:46",0,0,0.00
01KB0995YVHAW5W1NZB2PRY4K2,2924,0.0000,0.0000,0.0000,0,0,50,NULL,NULL,NULL,NULL,NULL,1,NULL,"2025-11-26 14:32:35","2025-11-26 14:32:35",0,0,0.00
01KB085K1HW2GZ4VZVN30Z0YER,2923,0.0000,0.0000,0.0000,0,0,50,NULL,NULL,NULL,NULL,NULL,1,NULL,"2025-11-26 14:13:08","2025-11-26 14:13:08",0,0,0.00
01KB05VAT0KFFHADRK9MF45C7N,2922,0.0000,0.0000,0.0000,0,0,50,NULL,NULL,NULL,NULL,NULL,1,NULL,"2025-11-26 13:32:35","2025-11-26 13:32:35",0,0,0.00
01KAZF5EZV1PKD2HAVF0E6K4FN,2921,0.0000,0.0000,0.0000,0,0,50,NULL,NULL,NULL,NULL,NULL,1,NULL,"2025-11-26 06:56:10","2025-11-26 06:56:10",0,0,0.00
01KAZ9K5W2VJFBJ3747H89ZJ87,2920,0.0000,0.0000,0.0000,0,0,50,NULL,NULL,NULL,NULL,NULL,1,NULL,"2025-11-26 05:18:48","2025-11-26 05:18:48",0,0,0.00
01KAYAY77SB797D36BAMAMD4RY,2917,0.0000,0.0000,0.0000,0,0,50,NULL,NULL,NULL,NULL,NULL,1,NULL,"2025-11-25 20:23:04","2025-11-25 20:23:04",0,0,0.00
01KAXY4AX9GGC4PK4AYZNSDNBT,2916,0.0000,0.0000,0.0000,0,0,50,NULL,NULL,NULL,NULL,NULL,1,NULL,"2025-11-25 16:39:13","2025-11-25 16:39:13",0,0,0.00
01KAXS2DMBXX6PR41TBEY0QJZ3,2915,0.0000,0.0000,0.0000,0,0,50,NULL,NULL,NULL,NULL,NULL,1,NULL,"2025-11-25 15:10:47","2025-11-25 15:10:47",0,0,0.00
01KAXNX89G77G42Q16FVCRECJV,2914,0.0000,0.0000,0.0000,0,0,50,NULL,NULL,NULL,NULL,NULL,1,NULL,"2025-11-25 14:15:32","2025-11-25 14:15:32",0,0,0.00
01KAVY70A9CN41G77R04XZCMZV,2913,0.0000,0.0000,0.0000,0,0,50,NULL,NULL,NULL,NULL,NULL,1,NULL,"2025-11-24 22:02:11","2025-11-24 22:02:11",0,0,0.00
01KAVVPB00JBJ8B61XZ49QA6AV,2912,0.0000,0.0000,0.0000,0,0,50,NULL,NULL,NULL,NULL,NULL,1,NULL,"2025-11-24 21:18:08","2025-11-24 21:18:08",0,0,0.00
01KAVV62H83N51106NB8CRXBTM,2911,0.0000,0.0000,0.0000,0,0,50,NULL,NULL,NULL,NULL,NULL,1,NULL,"2025-11-24 21:09:15","2025-11-24 21:09:15",0,0,0.00
01KAVPATWD94BTMVAQERP2AQ9V,2910,0.0000,0.0000,0.0000,0,0,49,NULL,NULL,NULL,NULL,NULL,1,NULL,"2025-11-24 19:44:28","2025-11-26 03:25:47",0,0,0.00
01KAVBG7CN4GMQT0NENNY5545H,2909,0.0000,0.0000,0.0000,0,0,50,NULL,NULL,NULL,NULL,NULL,1,NULL,"2025-11-24 16:35:10","2025-11-24 16:35:10",0,0,0.00
01KAV4GNKJR5613JV2Q9T230QZ,2908,0.0000,0.0000,0.0000,0,0,50,NULL,NULL,NULL,NULL,NULL,1,NULL,"2025-11-24 14:33:05","2026-01-08 18:54:16",0,0,0.00
01KAV0SBY9A20FBADYXF36RPEN,2907,0.0000,0.0000,0.0000,0,0,50,NULL,NULL,NULL,NULL,NULL,1,NULL,"2025-11-24 13:27:56","2026-01-08 18:53:52",0,0,0.00
01KAV0MF5YT7YYY0PSZYKDMR2C,2906,0.0000,0.0000,0.0000,0,0,50,NULL,NULL,NULL,NULL,NULL,1,NULL,"2025-11-24 13:25:15","2025-11-24 13:25:15",0,0,0.00
01KANWB9QR6S9QJXG3VEBC48ZW,2905,0.0000,0.0000,0.0000,0,0,50,NULL,NULL,NULL,NULL,NULL,1,NULL,"2025-11-22 13:34:08","2026-01-08 18:54:47",0,0,0.00
01KAM27YHTT16VKTZ4D2H0XQQH,2903,0.0000,0.0000,0.0000,0,0,50,NULL,NULL,NULL,NULL,NULL,1,NULL,"2025-11-21 20:38:41","2025-11-21 20:38:41",0,0,0.00
01KAKKW6VC150J2RN7H2T53N3Q,2901,0.0000,0.0000,0.0000,0,0,50,NULL,NULL,NULL,NULL,NULL,1,NULL,"2025-11-21 16:27:36","2025-11-21 16:27:36",0,0,0.00
01KAKJEQ3EG8WDP3YCB1Q8NY27,2900,0.0000,0.0000,0.0000,0,0,50,NULL,NULL,NULL,NULL,NULL,1,NULL,"2025-11-21 16:02:45","2026-01-08 18:55:08",0,0,0.00
01KAKBTW57A836BT4VQHR5NSC9,2899,0.0000,0.0000,0.0000,0,0,50,NULL,NULL,NULL,NULL,NULL,1,NULL,"2025-11-21 14:07:04","2025-11-21 14:07:04",0,0,0.00
01KAK8REBQSG1DDN9S7E9V45WW,2898,0.0000,0.0000,0.0000,0,0,50,NULL,NULL,NULL,NULL,NULL,1,NULL,"2025-11-21 13:13:18","2025-11-21 13:13:18",0,0,0.00
01KAHGAMBYMJS4KM45KGP5VW7T,2897,0.0000,0.0000,0.0000,0,0,50,NULL,NULL,NULL,NULL,NULL,1,NULL,"2025-11-20 20:47:06","2025-11-20 20:47:06",0,0,0.00
01KAHD5DCJ6GN1VBHQK73EWPSW,2895,0.0000,0.0000,0.0000,0,0,50,NULL,NULL,NULL,NULL,NULL,1,NULL,"2025-11-20 19:51:49","2025-11-20 19:51:49",0,0,0.00
01KAHCNW0FA84S2TK1T2QPXVDW,2894,0.0000,0.0000,0.0000,0,0,50,NULL,NULL,NULL,NULL,NULL,1,NULL,"2025-11-20 19:43:20","2025-11-20 19:43:20",0,0,0.00
01KAH6BEM50TWBVAD3MH9HP6XV,2892,0.0000,0.0000,0.0000,0,0,50,NULL,NULL,NULL,NULL,NULL,1,NULL,"2025-11-20 17:52:47","2025-11-20 17:52:47",0,0,0.00
01KAH67W9A7EEPYK84CM755VR9,2891,0.0000,0.0000,0.0000,0,0,50,NULL,NULL,NULL,NULL,NULL,1,NULL,"2025-11-20 17:50:50","2025-11-20 17:50:50",0,0,0.00
01KAH157B2XR37D09W3NYZYNJ0,2889,0.0000,0.0000,0.0000,0,0,50,NULL,NULL,NULL,NULL,NULL,1,NULL,"2025-11-20 16:22:00","2025-11-20 16:22:00",0,0,0.00
01KAGTPRCYK5G2XQF2CQEQ6MM1,2888,0.0000,0.0000,0.0000,0,0,50,NULL,NULL,NULL,NULL,NULL,1,NULL,"2025-11-20 14:29:14","2026-01-08 18:32:56",0,0,0.00
01KAGT9FRSQ40TEZTHTN5X6PEA,2887,0.0000,0.0000,0.0000,0,0,50,NULL,NULL,NULL,NULL,NULL,1,NULL,"2025-11-20 14:21:59","2025-11-20 14:21:59",0,0,0.00
01KAGQV8HGMD1F8T69V02XN6WB,2886,0.0000,0.0000,0.0000,0,0,50,NULL,NULL,NULL,NULL,NULL,1,NULL,"2025-11-20 13:39:16","2025-11-20 13:39:16",0,0,0.00
01KAGEW1RFZKAZGAR44D3DWN0A,2884,0.0000,0.0000,0.0000,0,0,50,NULL,NULL,NULL,NULL,NULL,1,NULL,"2025-11-20 11:02:25","2025-11-20 11:02:25",0,0,0.00
01KAFCRC1XPPETB7HAJP0Z154T,2883,0.0000,0.0000,0.0000,0,0,50,NULL,NULL,NULL,NULL,NULL,1,NULL,"2025-11-20 01:06:13","2025-11-20 01:06:13",0,0,0.00
01KAF3X1QM0R8SEN3WPSHTBZ83,2879,0.0000,0.0000,0.0000,0,0,50,NULL,NULL,NULL,NULL,NULL,1,NULL,"2025-11-19 22:31:29","2026-01-05 20:12:45",0,0,0.00
01KAF0AT26CPVHQD3VS39MJ913,2878,0.0000,0.0000,0.0000,0,0,50,NULL,NULL,NULL,NULL,NULL,1,NULL,"2025-11-19 21:29:05","2026-01-08 18:33:20",0,0,0.00
01KAER8XXTVVVWK8ZQTDS0YWH2,2874,0.0000,0.0000,0.0000,0,0,50,NULL,NULL,NULL,NULL,NULL,1,NULL,"2025-11-19 19:08:15","2026-01-08 18:33:45",0,0,0.00
01KAEJX9ZQRVHF6YS0SA8NR7QP,2873,0.0000,0.0000,0.0000,0,0,50,NULL,NULL,NULL,NULL,NULL,1,NULL,"2025-11-19 17:34:31","2025-11-19 17:34:31",0,0,0.00
01KAEDR3GXZ386KJTGN1CVNKXJ,2872,0.0000,0.0000,0.0000,0,0,50,NULL,NULL,NULL,NULL,NULL,1,NULL,"2025-11-19 16:04:18","2025-11-19 16:04:18",0,0,0.00
01KAECTPV0ZGFC3D7N75GHQWBY,2871,0.0000,0.0000,0.0000,0,0,50,NULL,NULL,NULL,NULL,NULL,1,NULL,"2025-11-19 15:48:15","2025-11-19 15:48:15",0,0,0.00
01KACDA907ZC2MMV1TVQMP8EPA,2868,0.0000,0.0000,0.0000,0,0,50,NULL,NULL,NULL,NULL,NULL,1,NULL,"2025-11-18 21:18:16","2025-11-18 21:18:16",0,0,0.00
01KAC9SFSK4ZKR20HAM6EBWZV2,2867,0.0000,0.0000,0.0000,0,0,50,NULL,NULL,NULL,NULL,NULL,1,NULL,"2025-11-18 20:16:40","2025-11-18 20:16:40",0,0,0.00
01KAC2FZ12PX6DMQ8AP0W6YQFY,2866,0.0000,0.0000,0.0000,0,0,50,NULL,NULL,NULL,NULL,NULL,1,NULL,"2025-11-18 18:09:08","2026-01-08 18:34:12",0,0,0.00
01KABTJ28ZGZ1WR9ZPHZ73K0AH,2864,0.0000,0.0000,0.0000,0,0,50,NULL,NULL,NULL,NULL,NULL,1,NULL,"2025-11-18 15:50:28","2025-11-18 15:50:28",0,0,0.00
01KAA3F9T1VTS97VRR5H2HDZBX,2863,0.0000,0.0000,0.0000,0,0,50,NULL,NULL,NULL,NULL,NULL,1,NULL,"2025-11-17 23:47:46","2025-11-17 23:47:46",0,0,0.00
01KAA2TR1EGA2TDRVEJF9XJKDB,2862,0.0000,0.0000,0.0000,0,0,50,NULL,NULL,NULL,NULL,NULL,1,NULL,"2025-11-17 23:36:33","2025-11-17 23:36:33",0,0,0.00
01KAA0AXRR30GJYN07BM12DSE3,2861,0.0000,0.0000,0.0000,0,0,50,NULL,NULL,NULL,NULL,NULL,1,NULL,"2025-11-17 22:52:57","2025-11-17 22:52:57",0,0,0.00
01KA9WR9S74WH0ZYE4Z804S23A,2860,0.0000,0.0000,0.0000,0,0,50,NULL,NULL,NULL,NULL,NULL,1,NULL,"2025-11-17 21:50:21","2026-01-08 18:31:41",0,0,0.00
01KA9VBNSDJ31KA5JXW4SJWGPP,2859,0.0000,0.0000,0.0000,0,0,50,NULL,NULL,NULL,NULL,NULL,1,NULL,"2025-11-17 21:25:59","2025-11-17 21:25:59",0,0,0.00
01KA9TXRBMDQ5D48SWPXYJ2Q32,2858,0.0000,0.0000,0.0000,0,0,50,NULL,NULL,NULL,NULL,NULL,1,NULL,"2025-11-17 21:18:23","2025-11-17 21:18:23",0,0,0.00
01KA9T5SCFQTMXBVKSV95D2D12,2857,0.0000,0.0000,0.0000,0,0,50,NULL,NULL,NULL,NULL,NULL,1,NULL,"2025-11-17 21:05:17","2025-11-17 21:05:17",0,0,0.00
01KA9MFT44X6WV7RK0MP7WR92H,2856,0.0000,0.0000,0.0000,1,1,50,NULL,NULL,NULL,NULL,NULL,1,NULL,"2025-11-17 19:25:54","2026-01-09 15:51:17",0,0,0.00
01KA9JJJFQ1A9K5KA92H0G258J,2855,0.0000,0.0000,0.0000,0,0,50,NULL,NULL,NULL,NULL,NULL,1,NULL,"2025-11-17 18:52:28","2025-11-17 18:52:28",0,0,0.00
01KA9GG0F28316DK0JG5CWJ3T5,2854,0.0000,0.0000,0.0000,0,0,50,NULL,NULL,NULL,NULL,NULL,1,NULL,"2025-11-17 18:16:06","2025-11-17 18:16:06",0,0,0.00
01KA9FJK4577GD3S5HSDEJZXZK,2853,0.0000,0.0000,0.0000,0,0,50,NULL,NULL,NULL,NULL,NULL,1,NULL,"2025-11-17 18:00:02","2026-01-08 18:28:40",0,0,0.00
01KA9EQY9WAQ6BHGTHR75D6WVC,2852,0.0000,0.0000,0.0000,0,0,50,NULL,NULL,NULL,NULL,NULL,1,NULL,"2025-11-17 17:45:29","2026-01-08 18:29:12",0,0,0.00
01KA9CF6PXM4548RMF6A56MKNK,2851,0.0000,0.0000,0.0000,0,0,50,NULL,NULL,NULL,NULL,NULL,1,NULL,"2025-11-17 17:05:46","2026-01-08 18:29:38",0,0,0.00
01KA98Y956CGDH0PNG13BMHTF7,2850,0.0000,0.0000,0.0000,0,0,50,NULL,NULL,NULL,NULL,NULL,1,NULL,"2025-11-17 16:04:05","2025-11-17 16:04:05",0,0,0.00
01KA98BP8G4EKEM47H69F5C2GC,2849,0.0000,0.0000,0.0000,0,0,50,NULL,NULL,NULL,NULL,NULL,1,NULL,"2025-11-17 15:53:56","2025-11-17 15:53:56",0,0,0.00
01KA97AER5Q8H4TNFS7X4R8BPM,2848,0.0000,0.0000,0.0000,0,0,50,NULL,NULL,NULL,NULL,NULL,1,NULL,"2025-11-17 15:35:47","2026-01-08 18:27:04",0,0,0.00
01KA969Y4FKSWSZ9SKGFPSXK3X,2847,0.0000,0.0000,0.0000,0,0,50,NULL,NULL,NULL,NULL,NULL,1,NULL,"2025-11-17 15:18:02","2025-11-17 15:18:02",0,0,0.00
01KA95R6F266F71ZTPYD5HBR6A,2846,0.0000,0.0000,0.0000,0,0,50,NULL,NULL,NULL,NULL,NULL,1,NULL,"2025-11-17 15:08:20","2026-01-08 18:26:18",0,0,0.00
01KA929BHGC8FG2VFGCM1KFSWB,2844,10.0000,10.0000,0.0000,0,0,50,NULL,NULL,NULL,NULL,NULL,1,NULL,"2025-11-17 14:07:48","2025-11-17 14:31:27",0,0,0.00
01KA90DTKZ3H727YT1D9V98C5S,2843,0.0000,0.0000,0.0000,0,0,50,NULL,NULL,NULL,NULL,NULL,1,NULL,"2025-11-17 13:35:18","2025-11-17 13:35:18",0,0,0.00
01KA7JF826QFK46TTF3S1DAW0Y,2841,0.0000,0.0000,0.0000,0,0,50,NULL,NULL,NULL,NULL,NULL,1,NULL,"2025-11-17 00:12:10","2026-01-08 17:41:34",0,0,0.00
01KA7HA1FHS4WWZ7YHP4MVN92X,2840,0.0000,0.0000,0.0000,0,0,49,NULL,NULL,NULL,NULL,NULL,1,NULL,"2025-11-16 23:51:51","2025-12-17 00:11:25",0,0,0.00
01KA7D25Z7EAASPESZVRBEN790,2839,0.0000,0.0000,0.0000,0,0,50,NULL,NULL,NULL,NULL,NULL,1,NULL,"2025-11-16 22:37:39","2026-01-08 17:41:39",0,0,0.00
01KA6WPTQ2VDYGJD19NZKYC0P0,2838,0.0000,0.0000,0.0000,0,0,48,NULL,NULL,NULL,NULL,NULL,1,NULL,"2025-11-16 17:51:49","2025-12-06 06:30:06",0,0,0.00
01KA6RCE9AA4A7TFF57FM6V6R4,2837,0.0000,0.0000,0.0000,0,0,50,NULL,NULL,NULL,NULL,NULL,1,NULL,"2025-11-16 16:36:15","2026-01-08 17:41:25",0,0,0.00
01KA4XPBZSP4YW2ANHX07SJJMK,2836,3.5679,4.0000,0.4321,1,1,49,NULL,NULL,NULL,NULL,NULL,3,NULL,"2025-11-15 23:30:34","2026-01-15 17:25:45",0,0,0.88
01KA4QEGTMG5DDGYY482P2YRZP,2834,0.0000,0.0000,0.0000,9,1,50,NULL,NULL,NULL,NULL,NULL,1,NULL,"2025-11-15 21:41:25","2025-11-15 22:09:02",0,0,0.00
01KA4G9N57BK24138PN5DMXGBJ,2833,0.0000,0.0000,0.0000,1,1,49,NULL,NULL,NULL,NULL,NULL,1,NULL,"2025-11-15 19:36:26","2025-11-19 06:30:08",0,0,0.00
01KA485GNSZ6A12JGHXQCCQP1T,2832,0.0000,0.0000,0.0000,1,1,50,NULL,NULL,NULL,NULL,NULL,1,NULL,"2025-11-15 17:14:22","2025-11-15 17:14:30",0,0,0.00
01KA47JNFJZQQB1CMERP6HHBRB,2831,0.0000,0.0000,0.0000,1,1,50,NULL,NULL,NULL,NULL,NULL,1,NULL,"2025-11-15 17:04:04","2025-11-15 17:04:22",0,0,0.00
01KA2HTQCF5ZV3F39Z86R35079,2830,0.0000,0.0000,0.0000,1,1,50,NULL,NULL,NULL,NULL,NULL,1,NULL,"2025-11-15 01:24:45","2025-11-15 18:21:25",0,0,0.00
01KA2GJZ7GXWGZD624C5CMVAEP,2829,0.0000,0.0000,0.0000,1,1,50,NULL,NULL,NULL,NULL,NULL,1,NULL,"2025-11-15 01:03:02","2025-11-15 01:03:16",0,0,0.00
01KA2A0V8ZJP90J61SXC8NW960,2828,0.0000,0.0000,0.0000,2,1,49,NULL,NULL,NULL,NULL,NULL,1,NULL,"2025-11-14 23:08:17","2025-11-19 06:30:07",0,0,0.00
01KA24NWJNSXP44EBT1XDJDM2R,2827,0.0000,0.0000,0.0000,1,1,50,NULL,NULL,NULL,NULL,NULL,1,NULL,"2025-11-14 21:34:55","2025-11-14 21:35:04",0,0,0.00
01KA21N8QVX3DXDCRC9DREGTWA,2826,0.0000,0.0000,0.0000,1,1,50,NULL,NULL,NULL,NULL,NULL,1,NULL,"2025-11-14 20:42:09","2025-11-14 20:42:26",0,0,0.00
01KA20A491SBF6T7RZ4R5X2G5S,2825,0.0000,0.0000,0.0000,3,1,50,NULL,NULL,NULL,NULL,NULL,1,NULL,"2025-11-14 20:18:35","2025-11-15 05:08:02",0,0,0.00
01KA1ZTZ4F5YD4W2CDGGMHEV3X,2824,0.0000,0.0000,0.0000,1,1,50,NULL,NULL,NULL,NULL,NULL,1,NULL,"2025-11-14 20:10:19","2025-11-14 20:11:33",0,0,0.00
01KA1ZMGWWQ54TEJTXR1HDCDBQ,2823,0.0000,0.0000,0.0000,1,1,50,NULL,NULL,NULL,NULL,NULL,1,NULL,"2025-11-14 20:06:47","2025-11-14 20:07:03",0,0,0.00
01KA1VG22NQQ2J0JW6VN61WARA,2822,10.0000,10.0000,0.0000,2,1,50,NULL,NULL,NULL,NULL,NULL,1,NULL,"2025-11-14 18:54:27","2025-11-14 21:54:59",0,0,0.00
01KA1R5EYW3VYH93D1WE1KJ72G,2821,0.0000,0.0000,0.0000,0,0,50,NULL,NULL,NULL,NULL,NULL,1,NULL,"2025-11-14 17:56:14","2025-11-14 17:56:14",0,0,0.00
01K9ZH7JGDK2RNFSC4TJJ15RE2,2816,0.0000,0.0000,0.0000,1,1,50,NULL,NULL,NULL,NULL,NULL,1,NULL,"2025-11-13 21:16:34","2025-11-13 21:21:00",0,0,0.00
01K9ZGDR753APN89HD3T64T4N6,2815,10.0000,10.0000,0.0000,1,1,50,NULL,NULL,NULL,NULL,NULL,1,NULL,"2025-11-13 21:02:28","2025-11-14 15:46:49",0,0,0.00
01K9ZF8ZYZQ1QEHN4YCYPN7ER6,2814,0.0000,0.0000,0.0000,2,1,50,NULL,NULL,NULL,NULL,NULL,1,NULL,"2025-11-13 20:42:24","2025-11-14 16:53:03",0,0,0.00
01K9W77T8GBAFCPJQAZE8BT752,2813,0.0000,0.0000,0.0000,1,1,50,NULL,NULL,NULL,NULL,NULL,1,NULL,"2025-11-12 14:24:13","2025-11-12 14:29:37",0,0,0.00
01K9W6QFDFA9K4RBWX12Q8P67A,2812,0.0000,0.0000,0.0000,1,1,50,NULL,NULL,NULL,NULL,NULL,1,NULL,"2025-11-12 14:15:18","2025-11-12 14:15:43",0,0,0.00
01K9W6GRH6YT43VN8V198F2F6J,2811,0.0000,0.0000,0.0000,1,1,50,NULL,NULL,NULL,NULL,NULL,1,NULL,"2025-11-12 14:11:38","2025-11-12 14:19:59",0,0,0.00
01K9T6MF4ZY94044WJX0P8K4SQ,2806,0.0000,0.0000,0.0000,1,1,50,NULL,NULL,NULL,NULL,NULL,1,NULL,"2025-11-11 19:35:10","2025-11-11 19:35:20",0,0,0.00
01K9SV0KRPX6XQ90S7SH8G3Q12,2804,0.0000,0.0000,0.0000,1,1,50,NULL,NULL,NULL,NULL,NULL,1,NULL,"2025-11-11 16:12:05","2025-11-11 16:15:28",0,0,0.00
01K9SHMZ4ZZJVN56FPNDXNBBXF,2803,0.0000,0.0000,0.0000,1,1,50,NULL,NULL,NULL,NULL,NULL,1,NULL,"2025-11-11 13:28:27","2025-11-11 13:39:06",0,0,0.00
01K9Q1AF9QKA7HMRJ1ABS5WXJH,2801,0.0000,0.0000,0.0000,1,1,50,NULL,NULL,NULL,NULL,NULL,1,NULL,"2025-11-10 14:04:37","2025-11-11 18:03:43",0,0,0.00
01K9GE55S4GZQED6VAHZA1X45G,2798,50.0000,50.0000,0.0000,3,1,50,NULL,NULL,NULL,NULL,NULL,1,NULL,"2025-11-08 00:34:13","2025-11-11 19:00:47",0,0,0.00
01K9G1GHGTMGQNGWFZT9MF35H4,2796,500.0000,500.0000,0.0000,2,1,50,NULL,NULL,NULL,NULL,NULL,1,NULL,"2025-11-07 20:53:14","2025-11-11 21:11:17",0,0,0.00
01K9FNYBBBCPYW14272G7N0QRY,2794,0.0000,0.0000,0.0000,1,1,50,NULL,NULL,NULL,NULL,NULL,1,NULL,"2025-11-07 17:31:04","2025-11-07 18:17:34",0,0,0.00
01K9FJEPH0EJSNJRCJ9JYVZYMF,2792,0.0000,0.0000,0.0000,1,1,50,NULL,NULL,NULL,NULL,NULL,1,NULL,"2025-11-07 16:30:05","2025-11-07 16:31:45",0,0,0.00
01K9FF13PWWXHP1H060YQGG3JG,2791,149.0000,149.0000,0.0000,1,1,50,NULL,NULL,NULL,NULL,NULL,1,NULL,"2025-11-07 15:30:14","2025-11-13 04:02:57",0,0,0.00
01K9DJ61YDXGYC8ZDSZ0K3QYYF,2790,0.0000,0.0000,0.0000,1,1,50,NULL,NULL,NULL,NULL,NULL,1,NULL,"2025-11-06 21:46:53","2025-11-06 21:47:40",0,0,0.00
01K9AKC12JA743GBQKEH6TGYN5,2787,0.0000,0.0000,0.0000,1,1,50,NULL,NULL,NULL,NULL,NULL,1,NULL,"2025-11-05 18:09:54","2025-11-05 18:19:00",0,0,0.00
01K9AHEKRGSNBXPMN5MPJWCQKR,2786,0.0000,0.0000,0.0000,1,1,0,NULL,NULL,NULL,NULL,NULL,1,NULL,"2025-11-05 17:36:22","2025-11-05 17:51:21",0,0,0
01K9AE03695491J069QKAKEVGG,2783,0.0000,0.0000,0.0000,1,1,0,NULL,NULL,NULL,NULL,NULL,1,NULL,"2025-11-05 16:36:00","2025-11-05 17:22:48",0,0,0
01K9A9YW13VY591FW98A3EKNV2,2782,0.0000,0.0000,0.0000,1,1,0,NULL,NULL,NULL,NULL,NULL,1,NULL,"2025-11-05 15:25:26","2025-11-07 14:45:47",0,0,0
01K8VEGN9HDAGT4C3ZEPMPEC1X,2772,0.0000,0.0000,0.0000,1,1,0,NULL,NULL,NULL,NULL,NULL,1,NULL,"2025-10-30 20:56:27","2025-10-30 20:56:36",0,0,0
01K8KVG40TMJVQBFVVA2C786QA,2767,0.0000,0.0000,0.0000,0,0,0,NULL,NULL,NULL,NULL,NULL,1,NULL,"2025-10-27 22:09:25","2025-10-27 22:09:25",0,0,0
